symboling,normalized-losses,wheel-base,length,width,height,curb-weight,engine-size,bore,stroke,compression-ratio,horsepower,peak-rpm,city-mpg,highway-mpg,price,city-L/100km,highway-L/100km,fuel-type-diesel,fuel-type-gas,Car Size,make_alfa-romero,make_audi,make_bmw,make_cadillac,make_chevrolet,make_chrysler,make_dodge,make_ford,make_gmc,make_honda,make_isuzu,make_jaguar,make_kia,make_mazda,make_mercedes-benz,make_mercury,make_mitsubishi,make_nissan,make_peugot,make_plymouth,make_porsche,make_renault,make_saab,make_subaru,make_toyota,make_volkswagen,make_volvo,aspiration_std,aspiration_turbo,num-of-doors_four,num-of-doors_two,body-style_convertible,body-style_hardtop,body-style_hatchback,body-style_sedan,body-style_wagon,drive-wheels_4wd,drive-wheels_fwd,drive-wheels_rwd,engine-location_front,engine-location_rear,engine-type_dohc,engine-type_l,engine-type_ohc,engine-type_ohcf,engine-type_ohcv,engine-type_rotor,num-of-cylinders_eight,num-of-cylinders_five,num-of-cylinders_four,num-of-cylinders_six,num-of-cylinders_three,num-of-cylinders_twelve,num-of-cylinders_two,fuel-system_1bbl,fuel-system_2bbl,fuel-system_4bbl,fuel-system_idi,fuel-system_mfi,fuel-system_mpfi,fuel-system_spdi,fuel-system_spfi,horsepower-binned_high,horsepower-binned_low,horsepower-binned_medium
3,121,88.6,0.811148486304661,0.890277777777778,0.816053511705686,2548,130,3.47,2.68,9.0,111.0,5000.0,21,27,13495,11.1904761904762,9.37037037037037,0,1,0.589310980360434,1,0,0,0,0,0,0,0,0,0,0,0,0,0,0,0,0,0,0,0,0,0,0,0,0,0,0,1,0,0,1,1,0,0,0,0,0,0,1,1,0,1,0,0,0,0,0,0,0,1,0,0,0,0,0,0,0,0,0,1,0,0,0,1,0
3,121,88.6,0.811148486304661,0.890277777777778,0.816053511705686,2548,130,3.47,2.68,9.0,111.0,5000.0,21,27,16500,11.1904761904762,9.37037037037037,0,1,0.589310980360434,1,0,0,0,0,0,0,0,0,0,0,0,0,0,0,0,0,0,0,0,0,0,0,0,0,0,0,1,0,0,1,1,0,0,0,0,0,0,1,1,0,1,0,0,0,0,0,0,0,1,0,0,0,0,0,0,0,0,0,1,0,0,0,1,0
1,121,94.5,0.822681403171552,0.909722222222222,0.876254180602007,2823,152,2.68,3.47,9.0,154.0,5000.0,19,26,16500,12.3684210526316,9.73076923076923,0,1,0.655798753243544,1,0,0,0,0,0,0,0,0,0,0,0,0,0,0,0,0,0,0,0,0,0,0,0,0,0,0,1,0,0,1,0,0,1,0,0,0,0,1,1,0,0,0,0,0,1,0,0,0,0,1,0,0,0,0,0,0,0,0,1,0,0,0,0,1
2,164,99.8,0.848630466122057,0.919444444444444,0.908026755852843,2337,109,3.19,3.4,10.0,102.0,5500.0,24,30,13950,9.79166666666667,8.43333333333333,0,1,0.708504736006669,0,1,0,0,0,0,0,0,0,0,0,0,0,0,0,0,0,0,0,0,0,0,0,0,0,0,0,1,0,1,0,0,0,0,1,0,0,1,0,1,0,0,0,1,0,0,0,0,0,1,0,0,0,0,0,0,0,0,0,1,0,0,0,1,0
2,164,99.4,0.848630466122057,0.922222222222222,0.908026755852843,2824,136,3.19,3.4,8.0,115.0,5500.0,18,22,17450,13.0555555555556,11.5,0,1,0.710645233698532,0,1,0,0,0,0,0,0,0,0,0,0,0,0,0,0,0,0,0,0,0,0,0,0,0,0,0,1,0,1,0,0,0,0,1,0,1,0,0,1,0,0,0,1,0,0,0,0,1,0,0,0,0,0,0,0,0,0,0,1,0,0,0,1,0
2,121,99.8,0.851994233541567,0.920833333333333,0.887959866220736,2507,136,3.19,3.4,8.5,110.0,5500.0,19,25,15250,12.3684210526316,10.12,0,1,0.696644198023526,0,1,0,0,0,0,0,0,0,0,0,0,0,0,0,0,0,0,0,0,0,0,0,0,0,0,0,1,0,0,1,0,0,0,1,0,0,1,0,1,0,0,0,1,0,0,0,0,1,0,0,0,0,0,0,0,0,0,0,1,0,0,0,1,0
1,158,105.8,0.925997116770783,0.991666666666667,0.931438127090301,2844,136,3.19,3.4,8.5,110.0,5500.0,19,25,17710,12.3684210526316,10.12,0,1,0.855321444968197,0,1,0,0,0,0,0,0,0,0,0,0,0,0,0,0,0,0,0,0,0,0,0,0,0,0,0,1,0,1,0,0,0,0,1,0,0,1,0,1,0,0,0,1,0,0,0,0,1,0,0,0,0,0,0,0,0,0,0,1,0,0,0,1,0
1,121,105.8,0.925997116770783,0.991666666666667,0.931438127090301,2954,136,3.19,3.4,8.5,110.0,5500.0,19,25,18920,12.3684210526316,10.12,0,1,0.855321444968197,0,1,0,0,0,0,0,0,0,0,0,0,0,0,0,0,0,0,0,0,0,0,0,0,0,0,0,1,0,1,0,0,0,0,0,1,0,1,0,1,0,0,0,1,0,0,0,0,1,0,0,0,0,0,0,0,0,0,0,1,0,0,0,1,0
1,158,105.8,0.925997116770783,0.991666666666667,0.934782608695652,3086,131,3.13,3.4,8.3,140.0,5500.0,17,20,23875,13.8235294117647,12.65,0,1,0.858392617122482,0,1,0,0,0,0,0,0,0,0,0,0,0,0,0,0,0,0,0,0,0,0,0,0,0,0,0,0,1,1,0,0,0,0,1,0,0,1,0,1,0,0,0,1,0,0,0,0,1,0,0,0,0,0,0,0,0,0,0,1,0,0,0,0,1
2,192,101.2,0.849591542527631,0.9,0.908026755852843,2395,108,3.5,2.8,8.8,101.0,5800.0,23,29,16430,10.2173913043478,8.72413793103448,0,1,0.69430666694524,0,0,1,0,0,0,0,0,0,0,0,0,0,0,0,0,0,0,0,0,0,0,0,0,0,0,0,1,0,0,1,0,0,0,1,0,0,0,1,1,0,0,0,1,0,0,0,0,0,1,0,0,0,0,0,0,0,0,0,1,0,0,0,1,0
0,192,101.2,0.849591542527631,0.9,0.908026755852843,2395,108,3.5,2.8,8.8,101.0,5800.0,23,29,16925,10.2173913043478,8.72413793103448,0,1,0.69430666694524,0,0,1,0,0,0,0,0,0,0,0,0,0,0,0,0,0,0,0,0,0,0,0,0,0,0,0,1,0,1,0,0,0,0,1,0,0,0,1,1,0,0,0,1,0,0,0,0,0,1,0,0,0,0,0,0,0,0,0,1,0,0,0,1,0
0,188,101.2,0.849591542527631,0.9,0.908026755852843,2710,164,3.31,3.19,9.0,121.0,4250.0,21,28,20970,11.1904761904762,9.03571428571429,0,1,0.69430666694524,0,0,1,0,0,0,0,0,0,0,0,0,0,0,0,0,0,0,0,0,0,0,0,0,0,0,0,1,0,0,1,0,0,0,1,0,0,0,1,1,0,0,0,1,0,0,0,0,0,0,1,0,0,0,0,0,0,0,0,1,0,0,0,0,1
0,188,101.2,0.849591542527631,0.9,0.908026755852843,2765,164,3.31,3.19,9.0,121.0,4250.0,21,28,21105,11.1904761904762,9.03571428571429,0,1,0.69430666694524,0,0,1,0,0,0,0,0,0,0,0,0,0,0,0,0,0,0,0,0,0,0,0,0,0,0,0,1,0,1,0,0,0,0,1,0,0,0,1,1,0,0,0,1,0,0,0,0,0,0,1,0,0,0,0,0,0,0,0,1,0,0,0,0,1
1,121,103.5,0.90821720326766,0.929166666666667,0.931438127090301,3055,164,3.31,3.19,9.0,121.0,4250.0,20,25,24565,11.75,10.12,0,1,0.786026804870954,0,0,1,0,0,0,0,0,0,0,0,0,0,0,0,0,0,0,0,0,0,0,0,0,0,0,0,1,0,1,0,0,0,0,1,0,0,0,1,1,0,0,0,1,0,0,0,0,0,0,1,0,0,0,0,0,0,0,0,1,0,0,0,0,1
0,121,103.5,0.90821720326766,0.929166666666667,0.931438127090301,3230,209,3.62,3.39,8.0,182.0,5400.0,16,22,30760,14.6875,11.5,0,1,0.786026804870954,0,0,1,0,0,0,0,0,0,0,0,0,0,0,0,0,0,0,0,0,0,0,0,0,0,0,0,1,0,1,0,0,0,0,1,0,0,0,1,1,0,0,0,1,0,0,0,0,0,0,1,0,0,0,0,0,0,0,0,1,0,0,0,0,1
0,121,103.5,0.931283037001442,0.943055555555556,0.897993311036789,3380,209,3.62,3.39,8.0,182.0,5400.0,16,22,41315,14.6875,11.5,0,1,0.788664099778374,0,0,1,0,0,0,0,0,0,0,0,0,0,0,0,0,0,0,0,0,0,0,0,0,0,0,0,1,0,0,1,0,0,0,1,0,0,0,1,1,0,0,0,1,0,0,0,0,0,0,1,0,0,0,0,0,0,0,0,1,0,0,0,0,1
0,121,110.0,0.94666025949063,0.984722222222222,0.941471571906355,3505,209,3.62,3.39,8.0,182.0,5400.0,15,20,36880,15.6666666666667,12.65,0,1,0.877637346246972,0,0,1,0,0,0,0,0,0,0,0,0,0,0,0,0,0,0,0,0,0,0,0,0,0,0,0,1,0,1,0,0,0,0,1,0,0,0,1,1,0,0,0,1,0,0,0,0,0,0,1,0,0,0,0,0,0,0,0,1,0,0,0,0,1
2,121,88.4,0.678039404132629,0.8375,0.889632107023411,1488,61,2.91,3.03,9.5,48.0,5100.0,47,53,5151,5.0,4.77358490566038,0,1,0.505184709885105,0,0,0,0,1,0,0,0,0,0,0,0,0,0,0,0,0,0,0,0,0,0,0,0,0,0,0,1,0,0,1,0,0,1,0,0,0,1,0,1,0,0,1,0,0,0,0,0,0,0,0,1,0,0,0,1,0,0,0,0,0,0,0,1,0
1,98,94.5,0.749159058145123,0.883333333333333,0.869565217391304,1874,90,3.03,3.11,9.6,70.0,5400.0,38,43,6295,6.18421052631579,5.88372093023256,0,1,0.575441015676688,0,0,0,0,1,0,0,0,0,0,0,0,0,0,0,0,0,0,0,0,0,0,0,0,0,0,0,1,0,0,1,0,0,1,0,0,0,1,0,1,0,0,0,1,0,0,0,0,0,1,0,0,0,0,0,1,0,0,0,0,0,0,0,1,0
0,81,94.5,0.763094666025949,0.883333333333333,0.869565217391304,1909,90,3.03,3.11,9.6,70.0,5400.0,38,43,6575,6.18421052631579,5.88372093023256,0,1,0.586145178251816,0,0,0,0,1,0,0,0,0,0,0,0,0,0,0,0,0,0,0,0,0,0,0,0,0,0,0,1,0,1,0,0,0,0,1,0,0,1,0,1,0,0,0,1,0,0,0,0,0,1,0,0,0,0,0,1,0,0,0,0,0,0,0,1,0
1,118,93.7,0.755886592984142,0.886111111111111,0.849498327759197,1876,90,2.97,3.23,9.41,68.0,5500.0,37,41,5572,6.35135135135135,6.17073170731707,0,1,0.568993562645235,0,0,0,0,0,0,1,0,0,0,0,0,0,0,0,0,0,0,0,0,0,0,0,0,0,0,0,1,0,0,1,0,0,1,0,0,0,1,0,1,0,0,0,1,0,0,0,0,0,1,0,0,0,0,0,1,0,0,0,0,0,0,0,1,0
1,118,93.7,0.755886592984142,0.886111111111111,0.849498327759197,1876,90,2.97,3.23,9.4,68.0,5500.0,31,38,6377,7.58064516129032,6.65789473684211,0,1,0.568993562645235,0,0,0,0,0,0,1,0,0,0,0,0,0,0,0,0,0,0,0,0,0,0,0,0,0,0,0,1,0,0,1,0,0,1,0,0,0,1,0,1,0,0,0,1,0,0,0,0,0,1,0,0,0,0,0,1,0,0,0,0,0,0,0,1,0
1,118,93.7,0.755886592984142,0.886111111111111,0.849498327759197,2128,98,3.03,3.39,7.6,102.0,5500.0,24,30,7957,9.79166666666667,8.43333333333333,0,1,0.568993562645235,0,0,0,0,0,0,1,0,0,0,0,0,0,0,0,0,0,0,0,0,0,0,0,0,0,0,0,0,1,0,1,0,0,1,0,0,0,1,0,1,0,0,0,1,0,0,0,0,0,1,0,0,0,0,0,0,0,0,0,1,0,0,0,1,0
1,148,93.7,0.755886592984142,0.886111111111111,0.846153846153846,1967,90,2.97,3.23,9.4,68.0,5500.0,31,38,6229,7.58064516129032,6.65789473684211,0,1,0.566753430508837,0,0,0,0,0,0,1,0,0,0,0,0,0,0,0,0,0,0,0,0,0,0,0,0,0,0,0,1,0,1,0,0,0,1,0,0,0,1,0,1,0,0,0,1,0,0,0,0,0,1,0,0,0,0,0,1,0,0,0,0,0,0,0,1,0
1,148,93.7,0.755886592984142,0.886111111111111,0.846153846153846,1989,90,2.97,3.23,9.4,68.0,5500.0,31,38,6692,7.58064516129032,6.65789473684211,0,1,0.566753430508837,0,0,0,0,0,0,1,0,0,0,0,0,0,0,0,0,0,0,0,0,0,0,0,0,0,0,0,1,0,1,0,0,0,0,1,0,0,1,0,1,0,0,0,1,0,0,0,0,0,1,0,0,0,0,0,1,0,0,0,0,0,0,0,1,0
1,148,93.7,0.755886592984142,0.886111111111111,0.846153846153846,1989,90,2.97,3.23,9.4,68.0,5500.0,31,38,7609,7.58064516129032,6.65789473684211,0,1,0.566753430508837,0,0,0,0,0,0,1,0,0,0,0,0,0,0,0,0,0,0,0,0,0,0,0,0,0,0,0,1,0,1,0,0,0,0,1,0,0,1,0,1,0,0,0,1,0,0,0,0,0,1,0,0,0,0,0,1,0,0,0,0,0,0,0,1,0
1,148,93.7,0.755886592984142,0.886111111111111,0.846153846153846,2191,98,3.03,3.39,7.6,102.0,5500.0,24,30,8558,9.79166666666667,8.43333333333333,0,1,0.566753430508837,0,0,0,0,0,0,1,0,0,0,0,0,0,0,0,0,0,0,0,0,0,0,0,0,0,0,0,0,1,1,0,0,0,0,1,0,0,1,0,1,0,0,0,1,0,0,0,0,0,1,0,0,0,0,0,0,0,0,0,1,0,0,0,1,0
-1,110,103.3,0.839019702066314,0.897222222222222,1.0,2535,122,3.34,3.46,8.5,88.0,5000.0,24,30,8921,9.79166666666667,8.43333333333333,0,1,0.752787121576165,0,0,0,0,0,0,1,0,0,0,0,0,0,0,0,0,0,0,0,0,0,0,0,0,0,0,0,1,0,1,0,0,0,0,0,1,0,1,0,1,0,0,0,1,0,0,0,0,0,1,0,0,0,0,0,1,0,0,0,0,0,0,0,1,0
3,145,95.9,0.832292167227294,0.920833333333333,0.839464882943144,2811,156,3.6,3.9,7.0,145.0,5000.0,19,24,12964,12.3684210526316,10.5416666666667,0,1,0.64336787636936,0,0,0,0,0,0,1,0,0,0,0,0,0,0,0,0,0,0,0,0,0,0,0,0,0,0,0,0,1,0,1,0,0,1,0,0,0,1,0,1,0,0,0,1,0,0,0,0,0,1,0,0,0,0,0,0,0,0,1,0,0,0,0,0,1
2,137,86.6,0.694858241230178,0.8875,0.849498327759197,1713,92,2.91,3.41,9.6,58.0,4800.0,49,54,6479,4.79591836734694,4.68518518518519,0,1,0.523874311134825,0,0,0,0,0,0,0,0,0,1,0,0,0,0,0,0,0,0,0,0,0,0,0,0,0,0,0,1,0,0,1,0,0,1,0,0,0,1,0,1,0,0,0,1,0,0,0,0,0,1,0,0,0,0,1,0,0,0,0,0,0,0,0,1,0
2,137,86.6,0.694858241230178,0.8875,0.849498327759197,1819,92,2.91,3.41,9.2,76.0,6000.0,31,38,6855,7.58064516129032,6.65789473684211,0,1,0.523874311134825,0,0,0,0,0,0,0,0,0,1,0,0,0,0,0,0,0,0,0,0,0,0,0,0,0,0,0,1,0,0,1,0,0,1,0,0,0,1,0,1,0,0,0,1,0,0,0,0,0,1,0,0,0,0,1,0,0,0,0,0,0,0,0,1,0
1,101,93.7,0.720807304180682,0.888888888888889,0.879598662207358,1837,79,2.91,3.07,10.1,60.0,5500.0,38,42,5399,6.18421052631579,6.02380952380952,0,1,0.56357434708144,0,0,0,0,0,0,0,0,0,1,0,0,0,0,0,0,0,0,0,0,0,0,0,0,0,0,0,1,0,0,1,0,0,1,0,0,0,1,0,1,0,0,0,1,0,0,0,0,0,1,0,0,0,0,1,0,0,0,0,0,0,0,0,1,0
1,101,93.7,0.720807304180682,0.888888888888889,0.879598662207358,1940,92,2.91,3.41,9.2,76.0,6000.0,30,34,6529,7.83333333333333,7.44117647058824,0,1,0.56357434708144,0,0,0,0,0,0,0,0,0,1,0,0,0,0,0,0,0,0,0,0,0,0,0,0,0,0,0,1,0,0,1,0,0,1,0,0,0,1,0,1,0,0,0,1,0,0,0,0,0,1,0,0,0,0,1,0,0,0,0,0,0,0,0,1,0
1,101,93.7,0.720807304180682,0.888888888888889,0.879598662207358,1956,92,2.91,3.41,9.2,76.0,6000.0,30,34,7129,7.83333333333333,7.44117647058824,0,1,0.56357434708144,0,0,0,0,0,0,0,0,0,1,0,0,0,0,0,0,0,0,0,0,0,0,0,0,0,0,0,1,0,0,1,0,0,1,0,0,0,1,0,1,0,0,0,1,0,0,0,0,0,1,0,0,0,0,1,0,0,0,0,0,0,0,0,1,0
0,110,96.5,0.785199423354157,0.888888888888889,0.911371237458194,2010,92,2.91,3.41,9.2,76.0,6000.0,30,34,7295,7.83333333333333,7.44117647058824,0,1,0.636096151212212,0,0,0,0,0,0,0,0,0,1,0,0,0,0,0,0,0,0,0,0,0,0,0,0,0,0,0,1,0,1,0,0,0,0,1,0,0,1,0,1,0,0,0,1,0,0,0,0,0,1,0,0,0,0,1,0,0,0,0,0,0,0,0,1,0
0,78,96.5,0.754925516578568,0.8875,0.974916387959866,2024,92,2.92,3.41,9.2,76.0,6000.0,30,34,7295,7.83333333333333,7.44117647058824,0,1,0.653190466298843,0,0,0,0,0,0,0,0,0,1,0,0,0,0,0,0,0,0,0,0,0,0,0,0,0,0,0,1,0,1,0,0,0,0,0,1,0,1,0,1,0,0,0,1,0,0,0,0,0,1,0,0,0,0,1,0,0,0,0,0,0,0,0,1,0
0,106,96.5,0.804901489668429,0.905555555555556,0.891304347826087,2236,110,3.15,3.58,9.0,86.0,5800.0,27,33,7895,8.7037037037037,7.66666666666667,0,1,0.649656600900255,0,0,0,0,0,0,0,0,0,1,0,0,0,0,0,0,0,0,0,0,0,0,0,0,0,0,0,1,0,0,1,0,0,1,0,0,0,1,0,1,0,0,0,1,0,0,0,0,0,1,0,0,0,0,1,0,0,0,0,0,0,0,0,1,0
0,106,96.5,0.804901489668429,0.905555555555556,0.891304347826087,2289,110,3.15,3.58,9.0,86.0,5800.0,27,33,9095,8.7037037037037,7.66666666666667,0,1,0.649656600900255,0,0,0,0,0,0,0,0,0,1,0,0,0,0,0,0,0,0,0,0,0,0,0,0,0,0,0,1,0,0,1,0,0,1,0,0,0,1,0,1,0,0,0,1,0,0,0,0,0,1,0,0,0,0,1,0,0,0,0,0,0,0,0,1,0
0,85,96.5,0.842864007688611,0.905555555555556,0.904682274247492,2304,110,3.15,3.58,9.0,86.0,5800.0,27,33,8845,8.7037037037037,7.66666666666667,0,1,0.690507959773363,0,0,0,0,0,0,0,0,0,1,0,0,0,0,0,0,0,0,0,0,0,0,0,0,0,0,0,1,0,1,0,0,0,0,1,0,0,1,0,1,0,0,0,1,0,0,0,0,0,1,0,0,0,0,1,0,0,0,0,0,0,0,0,1,0
0,85,96.5,0.842864007688611,0.868055555555556,0.904682274247492,2372,110,3.15,3.58,9.0,86.0,5800.0,27,33,10295,8.7037037037037,7.66666666666667,0,1,0.661913304997472,0,0,0,0,0,0,0,0,0,1,0,0,0,0,0,0,0,0,0,0,0,0,0,0,0,0,0,1,0,1,0,0,0,0,1,0,0,1,0,1,0,0,0,1,0,0,0,0,0,1,0,0,0,0,1,0,0,0,0,0,0,0,0,1,0
0,85,96.5,0.842864007688611,0.905555555555556,0.904682274247492,2465,110,3.15,3.58,9.0,101.0,5800.0,24,28,12945,9.79166666666667,9.03571428571429,0,1,0.690507959773363,0,0,0,0,0,0,0,0,0,1,0,0,0,0,0,0,0,0,0,0,0,0,0,0,0,0,0,1,0,1,0,0,0,0,1,0,0,1,0,1,0,0,0,1,0,0,0,0,0,1,0,0,0,0,0,0,0,0,0,1,0,0,0,1,0
1,107,96.5,0.812590100913022,0.916666666666667,0.852842809364548,2293,110,3.15,3.58,9.1,100.0,5500.0,25,31,10345,9.4,8.16129032258065,0,1,0.63526065581411,0,0,0,0,0,0,0,0,0,1,0,0,0,0,0,0,0,0,0,0,0,0,0,0,0,0,0,1,0,0,1,0,0,0,1,0,0,1,0,1,0,0,0,1,0,0,0,0,0,1,0,0,0,0,0,1,0,0,0,0,0,0,0,1,0
0,121,94.3,0.820278712157617,0.858333333333333,0.894648829431438,2337,111,3.31,3.23,8.5,78.0,4800.0,24,29,6785,9.79166666666667,8.72413793103448,0,1,0.629897692773766,0,0,0,0,0,0,0,0,0,0,1,0,0,0,0,0,0,0,0,0,0,0,0,0,0,0,0,1,0,1,0,0,0,0,1,0,0,0,1,1,0,0,0,1,0,0,0,0,0,1,0,0,0,0,0,1,0,0,0,0,0,0,0,1,0
2,121,96.0,0.829408938010572,0.905555555555556,0.859531772575251,2734,119,3.43,3.23,9.2,90.0,5000.0,24,29,11048,9.79166666666667,8.72413793103448,0,1,0.645573575291729,0,0,0,0,0,0,0,0,0,0,1,0,0,0,0,0,0,0,0,0,0,0,0,0,0,0,0,1,0,0,1,0,0,1,0,0,0,0,1,1,0,0,0,1,0,0,0,0,0,1,0,0,0,0,0,0,0,0,0,0,0,1,0,1,0
0,145,113.0,0.959154252763095,0.966666666666666,0.882943143812709,4066,258,3.63,4.17,8.1,176.0,4750.0,15,19,32250,15.6666666666667,13.3157894736842,0,1,0.818649382291444,0,0,0,0,0,0,0,0,0,0,0,1,0,0,0,0,0,0,0,0,0,0,0,0,0,0,0,1,0,1,0,0,0,0,1,0,0,0,1,1,0,1,0,0,0,0,0,0,0,0,1,0,0,0,0,0,0,0,0,1,0,0,0,0,1
0,121,113.0,0.959154252763095,0.966666666666666,0.882943143812709,4066,258,3.63,4.17,8.1,176.0,4750.0,15,19,35550,15.6666666666667,13.3157894736842,0,1,0.818649382291444,0,0,0,0,0,0,0,0,0,0,0,1,0,0,0,0,0,0,0,0,0,0,0,0,0,0,0,1,0,1,0,0,0,0,1,0,0,0,1,1,0,1,0,0,0,0,0,0,0,0,1,0,0,0,0,0,0,0,0,1,0,0,0,0,1
0,121,102.0,0.921191734742912,0.980555555555556,0.79933110367893,3950,326,3.54,2.76,11.5,262.0,5000.0,13,17,36000,18.0769230769231,14.8823529411765,0,1,0.722019538136894,0,0,0,0,0,0,0,0,0,0,0,1,0,0,0,0,0,0,0,0,0,0,0,0,0,0,0,1,0,0,1,0,0,0,1,0,0,0,1,1,0,0,0,0,0,1,0,0,0,0,0,0,1,0,0,0,0,0,0,1,0,0,1,0,0
1,104,93.1,0.76453628063431,0.891666666666667,0.904682274247492,1890,91,3.03,3.15,9.0,68.0,5000.0,30,31,5195,7.83333333333333,8.16129032258065,0,1,0.616732325488828,0,0,0,0,0,0,0,0,0,0,0,0,0,1,0,0,0,0,0,0,0,0,0,0,0,0,0,1,0,0,1,0,0,1,0,0,0,1,0,1,0,0,0,1,0,0,0,0,0,1,0,0,0,0,0,1,0,0,0,0,0,0,0,1,0
1,104,93.1,0.76453628063431,0.891666666666667,0.904682274247492,1900,91,3.03,3.15,9.0,68.0,5000.0,31,38,6095,7.58064516129032,6.65789473684211,0,1,0.616732325488828,0,0,0,0,0,0,0,0,0,0,0,0,0,1,0,0,0,0,0,0,0,0,0,0,0,0,0,1,0,0,1,0,0,1,0,0,0,1,0,1,0,0,0,1,0,0,0,0,0,1,0,0,0,0,0,1,0,0,0,0,0,0,0,1,0
1,104,93.1,0.76453628063431,0.891666666666667,0.904682274247492,1905,91,3.03,3.15,9.0,68.0,5000.0,31,38,6795,7.58064516129032,6.65789473684211,0,1,0.616732325488828,0,0,0,0,0,0,0,0,0,0,0,0,0,1,0,0,0,0,0,0,0,0,0,0,0,0,0,1,0,0,1,0,0,1,0,0,0,1,0,1,0,0,0,1,0,0,0,0,0,1,0,0,0,0,0,1,0,0,0,0,0,0,0,1,0
1,113,93.1,0.801537722248919,0.891666666666667,0.904682274247492,1945,91,3.03,3.15,9.0,68.0,5000.0,31,38,6695,7.58064516129032,6.65789473684211,0,1,0.646580464434548,0,0,0,0,0,0,0,0,0,0,0,0,0,1,0,0,0,0,0,0,0,0,0,0,0,0,0,1,0,1,0,0,0,0,1,0,0,1,0,1,0,0,0,1,0,0,0,0,0,1,0,0,0,0,0,1,0,0,0,0,0,0,0,1,0
1,113,93.1,0.801537722248919,0.891666666666667,0.904682274247492,1950,91,3.08,3.15,9.0,68.0,5000.0,31,38,7395,7.58064516129032,6.65789473684211,0,1,0.646580464434548,0,0,0,0,0,0,0,0,0,0,0,0,0,1,0,0,0,0,0,0,0,0,0,0,0,0,0,1,0,1,0,0,0,0,1,0,0,1,0,1,0,0,0,1,0,0,0,0,0,1,0,0,0,0,0,1,0,0,0,0,0,0,0,1,0
3,150,95.3,0.812109562710235,0.9125,0.82943143812709,2380,70,3.3135294117647,3.25615384615384,9.4,101.0,6000.0,17,23,10945,13.8235294117647,11.0,0,1,0.614650147295406,0,0,0,0,0,0,0,0,0,0,0,0,0,1,0,0,0,0,0,0,0,0,0,0,0,0,0,1,0,0,1,0,0,1,0,0,0,0,1,1,0,0,0,0,0,0,1,0,0,0,0,0,0,1,0,0,1,0,0,0,0,0,0,1,0
3,150,95.3,0.812109562710235,0.9125,0.82943143812709,2380,70,3.3135294117647,3.25615384615384,9.4,101.0,6000.0,17,23,11845,13.8235294117647,11.0,0,1,0.614650147295406,0,0,0,0,0,0,0,0,0,0,0,0,0,1,0,0,0,0,0,0,0,0,0,0,0,0,0,1,0,0,1,0,0,1,0,0,0,0,1,1,0,0,0,0,0,0,1,0,0,0,0,0,0,1,0,0,1,0,0,0,0,0,0,1,0
3,150,95.3,0.812109562710235,0.9125,0.82943143812709,2385,70,3.3135294117647,3.25615384615384,9.4,101.0,6000.0,17,23,13645,13.8235294117647,11.0,0,1,0.614650147295406,0,0,0,0,0,0,0,0,0,0,0,0,0,1,0,0,0,0,0,0,0,0,0,0,0,0,0,1,0,0,1,0,0,1,0,0,0,0,1,1,0,0,0,0,0,0,1,0,0,0,0,0,0,1,0,0,1,0,0,0,0,0,0,1,0
3,150,95.3,0.812109562710235,0.9125,0.82943143812709,2500,80,3.3135294117647,3.25615384615384,9.4,135.0,6000.0,16,23,15645,14.6875,11.0,0,1,0.614650147295406,0,0,0,0,0,0,0,0,0,0,0,0,0,1,0,0,0,0,0,0,0,0,0,0,0,0,0,1,0,0,1,0,0,1,0,0,0,0,1,1,0,0,0,0,0,0,1,0,0,0,0,0,0,1,0,0,0,0,0,1,0,0,0,0,1
1,129,98.8,0.854396924555502,0.923611111111111,0.897993311036789,2385,122,3.39,3.39,8.6,84.0,4800.0,26,32,8845,9.03846153846154,7.90625,0,1,0.708633904086289,0,0,0,0,0,0,0,0,0,0,0,0,0,1,0,0,0,0,0,0,0,0,0,0,0,0,0,1,0,0,1,0,0,1,0,0,0,1,0,1,0,0,0,1,0,0,0,0,0,1,0,0,0,0,0,1,0,0,0,0,0,0,0,1,0
0,115,98.8,0.854396924555502,0.923611111111111,0.92809364548495,2410,122,3.39,3.39,8.6,84.0,4800.0,26,32,8495,9.03846153846154,7.90625,0,1,0.732386995843371,0,0,0,0,0,0,0,0,0,0,0,0,0,1,0,0,0,0,0,0,0,0,0,0,0,0,0,1,0,1,0,0,0,0,1,0,0,1,0,1,0,0,0,1,0,0,0,0,0,1,0,0,0,0,0,1,0,0,0,0,0,0,0,1,0
1,129,98.8,0.854396924555502,0.923611111111111,0.897993311036789,2385,122,3.39,3.39,8.6,84.0,4800.0,26,32,10595,9.03846153846154,7.90625,0,1,0.708633904086289,0,0,0,0,0,0,0,0,0,0,0,0,0,1,0,0,0,0,0,0,0,0,0,0,0,0,0,1,0,0,1,0,0,1,0,0,0,1,0,1,0,0,0,1,0,0,0,0,0,1,0,0,0,0,0,1,0,0,0,0,0,0,0,1,0
0,115,98.8,0.854396924555502,0.923611111111111,0.92809364548495,2410,122,3.39,3.39,8.6,84.0,4800.0,26,32,10245,9.03846153846154,7.90625,0,1,0.732386995843371,0,0,0,0,0,0,0,0,0,0,0,0,0,1,0,0,0,0,0,0,0,0,0,0,0,0,0,1,0,1,0,0,0,0,1,0,0,1,0,1,0,0,0,1,0,0,0,0,0,1,0,0,0,0,0,1,0,0,0,0,0,0,0,1,0
0,121,98.8,0.854396924555502,0.923611111111111,0.92809364548495,2443,122,3.39,3.39,22.7,64.0,4650.0,36,42,10795,6.52777777777778,6.02380952380952,1,0,0.732386995843371,0,0,0,0,0,0,0,0,0,0,0,0,0,1,0,0,0,0,0,0,0,0,0,0,0,0,0,1,0,1,0,0,0,0,1,0,0,1,0,1,0,0,0,1,0,0,0,0,0,1,0,0,0,0,0,0,0,1,0,0,0,0,0,1,0
0,115,98.8,0.854396924555502,0.923611111111111,0.92809364548495,2425,122,3.39,3.39,8.6,84.0,4800.0,26,32,11245,9.03846153846154,7.90625,0,1,0.732386995843371,0,0,0,0,0,0,0,0,0,0,0,0,0,1,0,0,0,0,0,0,0,0,0,0,0,0,0,1,0,1,0,0,0,1,0,0,0,1,0,1,0,0,0,1,0,0,0,0,0,1,0,0,0,0,0,1,0,0,0,0,0,0,0,1,0
0,118,104.9,0.840941854877463,0.918055555555556,0.909698996655518,2670,140,3.76,3.16,8.0,120.0,5000.0,19,27,18280,12.3684210526316,9.37037037037037,0,1,0.702316136994281,0,0,0,0,0,0,0,0,0,0,0,0,0,1,0,0,0,0,0,0,0,0,0,0,0,0,0,1,0,1,0,0,0,0,1,0,0,0,1,1,0,0,0,1,0,0,0,0,0,1,0,0,0,0,0,0,0,0,0,1,0,0,0,0,1
0,121,104.9,0.840941854877463,0.918055555555556,0.909698996655518,2700,134,3.43,3.64,22.0,72.0,4200.0,31,39,18344,7.58064516129032,6.48717948717949,1,0,0.702316136994281,0,0,0,0,0,0,0,0,0,0,0,0,0,1,0,0,0,0,0,0,0,0,0,0,0,0,0,1,0,1,0,0,0,0,1,0,0,0,1,1,0,0,0,1,0,0,0,0,0,1,0,0,0,0,0,0,0,1,0,0,0,0,0,1,0
-1,93,110.0,0.917347429120615,0.976388888888889,0.944816053511706,3515,183,3.58,3.64,21.5,123.0,4350.0,22,25,25552,10.6818181818182,10.12,1,0,0.846260247374496,0,0,0,0,0,0,0,0,0,0,0,0,0,0,1,0,0,0,0,0,0,0,0,0,0,0,0,0,1,1,0,0,0,0,1,0,0,0,1,1,0,0,0,1,0,0,0,0,1,0,0,0,0,0,0,0,0,1,0,0,0,0,0,0,1
-1,93,110.0,0.917347429120615,0.976388888888889,0.981605351170569,3750,183,3.58,3.64,21.5,123.0,4350.0,22,25,28248,10.6818181818182,10.12,1,0,0.879211973820936,0,0,0,0,0,0,0,0,0,0,0,0,0,0,1,0,0,0,0,0,0,0,0,0,0,0,0,0,1,1,0,0,0,0,0,1,0,0,1,1,0,0,0,1,0,0,0,0,1,0,0,0,0,0,0,0,0,1,0,0,0,0,0,0,1
0,93,106.7,0.901009130225853,0.976388888888889,0.918060200668896,3495,183,3.58,3.64,21.5,123.0,4350.0,22,25,28176,10.6818181818182,10.12,1,0,0.807649969303412,0,0,0,0,0,0,0,0,0,0,0,0,0,0,1,0,0,0,0,0,0,0,0,0,0,0,0,0,1,0,1,0,1,0,0,0,0,0,1,1,0,0,0,1,0,0,0,0,1,0,0,0,0,0,0,0,0,1,0,0,0,0,0,0,1
-1,93,115.6,0.973570398846708,0.995833333333333,0.941471571906355,3770,183,3.58,3.64,21.5,123.0,4350.0,22,25,31600,10.6818181818182,10.12,1,0,0.912769733539692,0,0,0,0,0,0,0,0,0,0,0,0,0,0,1,0,0,0,0,0,0,0,0,0,0,0,0,0,1,1,0,0,0,0,1,0,0,0,1,1,0,0,0,1,0,0,0,0,1,0,0,0,0,0,0,0,0,1,0,0,0,0,0,0,1
-1,121,115.6,0.973570398846708,0.995833333333333,0.944816053511706,3740,234,3.46,3.1,8.3,155.0,4750.0,16,18,34184,14.6875,14.0555555555556,0,1,0.916012254795605,0,0,0,0,0,0,0,0,0,0,0,0,0,0,1,0,0,0,0,0,0,0,0,0,0,0,0,1,0,1,0,0,0,0,1,0,0,0,1,1,0,0,0,0,0,1,0,1,0,0,0,0,0,0,0,0,0,0,0,1,0,0,0,0,1
3,142,96.6,0.86641037962518,0.979166666666667,0.849498327759197,3685,234,3.46,3.1,8.3,155.0,4750.0,16,18,35056,14.6875,14.0555555555556,0,1,0.720680540131369,0,0,0,0,0,0,0,0,0,0,0,0,0,0,1,0,0,0,0,0,0,0,0,0,0,0,0,1,0,0,1,1,0,0,0,0,0,0,1,1,0,0,0,0,0,1,0,1,0,0,0,0,0,0,0,0,0,0,0,1,0,0,0,0,1
0,121,120.9,1.0,0.995833333333333,0.948160535117057,3900,308,3.8,3.35,8.0,184.0,4500.0,14,16,40960,16.7857142857143,15.8125,0,1,0.944209866220736,0,0,0,0,0,0,0,0,0,0,0,0,0,0,1,0,0,0,0,0,0,0,0,0,0,0,0,1,0,1,0,0,0,0,1,0,0,0,1,1,0,0,0,0,0,1,0,1,0,0,0,0,0,0,0,0,0,0,0,1,0,0,0,0,1
1,121,112.0,0.957232099951946,1.0,0.926421404682274,3715,304,3.8,3.35,8.0,184.0,4500.0,14,16,45400,16.7857142857143,15.8125,0,1,0.886800306644445,0,0,0,0,0,0,0,0,0,0,0,0,0,0,1,0,0,0,0,0,0,0,0,0,0,0,0,1,0,0,1,0,1,0,0,0,0,0,1,1,0,0,0,0,0,1,0,1,0,0,0,0,0,0,0,0,0,0,0,1,0,0,0,0,1
1,121,102.7,0.857280153772225,0.944444444444444,0.916387959866221,2910,140,3.78,3.12,8.0,175.0,5000.0,19,24,16503,12.3684210526316,10.5416666666667,0,1,0.741956699418622,0,0,0,0,0,0,0,0,0,0,0,0,0,0,0,1,0,0,0,0,0,0,0,0,0,0,0,0,1,0,1,0,0,1,0,0,0,0,1,1,0,0,0,1,0,0,0,0,0,1,0,0,0,0,0,0,0,0,0,1,0,0,0,0,1
2,161,93.7,0.755886592984142,0.894444444444444,0.849498327759197,1918,92,2.97,3.23,9.4,68.0,5500.0,37,41,5389,6.35135135135135,6.17073170731707,0,1,0.574344599284532,0,0,0,0,0,0,0,0,0,0,0,0,0,0,0,0,1,0,0,0,0,0,0,0,0,0,0,1,0,0,1,0,0,1,0,0,0,1,0,1,0,0,0,1,0,0,0,0,0,1,0,0,0,0,0,1,0,0,0,0,0,0,0,1,0
2,161,93.7,0.755886592984142,0.894444444444444,0.849498327759197,1944,92,2.97,3.23,9.4,68.0,5500.0,31,38,6189,7.58064516129032,6.65789473684211,0,1,0.574344599284532,0,0,0,0,0,0,0,0,0,0,0,0,0,0,0,0,1,0,0,0,0,0,0,0,0,0,0,1,0,0,1,0,0,1,0,0,0,1,0,1,0,0,0,1,0,0,0,0,0,1,0,0,0,0,0,1,0,0,0,0,0,0,0,1,0
2,161,93.7,0.755886592984142,0.894444444444444,0.849498327759197,2004,92,2.97,3.23,9.4,68.0,5500.0,31,38,6669,7.58064516129032,6.65789473684211,0,1,0.574344599284532,0,0,0,0,0,0,0,0,0,0,0,0,0,0,0,0,1,0,0,0,0,0,0,0,0,0,0,1,0,0,1,0,0,1,0,0,0,1,0,1,0,0,0,1,0,0,0,0,0,1,0,0,0,0,0,1,0,0,0,0,0,0,0,1,0
1,161,93.0,0.755886592984142,0.886111111111111,0.849498327759197,2145,98,3.03,3.39,7.6,102.0,5500.0,24,30,7689,9.79166666666667,8.43333333333333,0,1,0.568993562645235,0,0,0,0,0,0,0,0,0,0,0,0,0,0,0,0,1,0,0,0,0,0,0,0,0,0,0,0,1,0,1,0,0,1,0,0,0,1,0,1,0,0,0,1,0,0,0,0,0,1,0,0,0,0,0,0,0,0,0,0,1,0,0,1,0
3,153,96.3,0.83133109082172,0.908333333333333,0.826086956521739,2370,110,3.17,3.46,7.5,116.0,5500.0,23,30,9959,10.2173913043478,8.43333333333333,0,1,0.623799525033255,0,0,0,0,0,0,0,0,0,0,0,0,0,0,0,0,1,0,0,0,0,0,0,0,0,0,0,0,1,0,1,0,0,1,0,0,0,1,0,1,0,0,0,1,0,0,0,0,0,1,0,0,0,0,0,0,0,0,0,0,1,0,0,1,0
3,153,96.3,0.83133109082172,0.908333333333333,0.826086956521739,2328,122,3.35,3.46,8.5,88.0,5000.0,25,32,8499,9.4,7.90625,0,1,0.623799525033255,0,0,0,0,0,0,0,0,0,0,0,0,0,0,0,0,1,0,0,0,0,0,0,0,0,0,0,1,0,0,1,0,0,1,0,0,0,1,0,1,0,0,0,1,0,0,0,0,0,1,0,0,0,0,0,1,0,0,0,0,0,0,0,1,0
3,121,95.9,0.832292167227294,0.920833333333333,0.839464882943144,2833,156,3.58,3.86,7.0,145.0,5000.0,19,24,12629,12.3684210526316,10.5416666666667,0,1,0.64336787636936,0,0,0,0,0,0,0,0,0,0,0,0,0,0,0,0,1,0,0,0,0,0,0,0,0,0,0,0,1,0,1,0,0,1,0,0,0,1,0,1,0,0,0,1,0,0,0,0,0,1,0,0,0,0,0,0,0,0,0,0,1,0,0,0,1
3,121,95.9,0.832292167227294,0.920833333333333,0.839464882943144,2921,156,3.59,3.86,7.0,145.0,5000.0,19,24,14869,12.3684210526316,10.5416666666667,0,1,0.64336787636936,0,0,0,0,0,0,0,0,0,0,0,0,0,0,0,0,1,0,0,0,0,0,0,0,0,0,0,0,1,0,1,0,0,1,0,0,0,1,0,1,0,0,0,1,0,0,0,0,0,1,0,0,0,0,0,0,0,0,0,0,1,0,0,0,1
3,121,95.9,0.832292167227294,0.920833333333333,0.839464882943144,2926,156,3.59,3.86,7.0,145.0,5000.0,19,24,14489,12.3684210526316,10.5416666666667,0,1,0.64336787636936,0,0,0,0,0,0,0,0,0,0,0,0,0,0,0,0,1,0,0,0,0,0,0,0,0,0,0,0,1,0,1,0,0,1,0,0,0,1,0,1,0,0,0,1,0,0,0,0,0,1,0,0,0,0,0,0,0,0,0,0,1,0,0,0,1
1,125,96.3,0.828447861604998,0.908333333333333,0.862876254180602,2365,122,3.35,3.46,8.5,88.0,5000.0,25,32,6989,9.4,7.90625,0,1,0.649320255408466,0,0,0,0,0,0,0,0,0,0,0,0,0,0,0,0,1,0,0,0,0,0,0,0,0,0,0,1,0,1,0,0,0,0,1,0,0,1,0,1,0,0,0,1,0,0,0,0,0,1,0,0,0,0,0,1,0,0,0,0,0,0,0,1,0
1,125,96.3,0.828447861604998,0.908333333333333,0.862876254180602,2405,122,3.35,3.46,8.5,88.0,5000.0,25,32,8189,9.4,7.90625,0,1,0.649320255408466,0,0,0,0,0,0,0,0,0,0,0,0,0,0,0,0,1,0,0,0,0,0,0,0,0,0,0,1,0,1,0,0,0,0,1,0,0,1,0,1,0,0,0,1,0,0,0,0,0,1,0,0,0,0,0,1,0,0,0,0,0,0,0,1,0
1,125,96.3,0.828447861604998,0.908333333333333,0.862876254180602,2403,110,3.17,3.46,7.5,116.0,5500.0,23,30,9279,10.2173913043478,8.43333333333333,0,1,0.649320255408466,0,0,0,0,0,0,0,0,0,0,0,0,0,0,0,0,1,0,0,0,0,0,0,0,0,0,0,0,1,1,0,0,0,0,1,0,0,1,0,1,0,0,0,1,0,0,0,0,0,1,0,0,0,0,0,0,0,0,0,0,1,0,0,1,0
-1,137,96.3,0.828447861604998,0.908333333333333,0.862876254180602,2403,110,3.17,3.46,7.5,116.0,5500.0,23,30,9279,10.2173913043478,8.43333333333333,0,1,0.649320255408466,0,0,0,0,0,0,0,0,0,0,0,0,0,0,0,0,1,0,0,0,0,0,0,0,0,0,0,1,0,1,0,0,0,0,1,0,0,1,0,1,0,0,0,1,0,0,0,0,0,1,0,0,0,0,0,0,0,0,0,0,1,0,0,1,0
1,128,94.5,0.794329649207112,0.886111111111111,0.911371237458194,1889,97,3.15,3.29,9.4,69.0,5200.0,31,37,5499,7.58064516129032,6.83783783783784,0,1,0.641481703655251,0,0,0,0,0,0,0,0,0,0,0,0,0,0,0,0,0,1,0,0,0,0,0,0,0,0,0,1,0,0,1,0,0,0,1,0,0,1,0,1,0,0,0,1,0,0,0,0,0,1,0,0,0,0,0,1,0,0,0,0,0,0,0,1,0
1,128,94.5,0.794329649207112,0.886111111111111,0.911371237458194,2017,103,2.99,3.47,21.9,55.0,4800.0,45,50,7099,5.22222222222222,5.06,1,0,0.641481703655251,0,0,0,0,0,0,0,0,0,0,0,0,0,0,0,0,0,1,0,0,0,0,0,0,0,0,0,1,0,0,1,0,0,0,1,0,0,1,0,1,0,0,0,1,0,0,0,0,0,1,0,0,0,0,0,0,0,1,0,0,0,0,0,1,0
1,128,94.5,0.794329649207112,0.886111111111111,0.911371237458194,1918,97,3.15,3.29,9.4,69.0,5200.0,31,37,6649,7.58064516129032,6.83783783783784,0,1,0.641481703655251,0,0,0,0,0,0,0,0,0,0,0,0,0,0,0,0,0,1,0,0,0,0,0,0,0,0,0,1,0,0,1,0,0,0,1,0,0,1,0,1,0,0,0,1,0,0,0,0,0,1,0,0,0,0,0,1,0,0,0,0,0,0,0,1,0
1,122,94.5,0.794329649207112,0.886111111111111,0.911371237458194,1938,97,3.15,3.29,9.4,69.0,5200.0,31,37,6849,7.58064516129032,6.83783783783784,0,1,0.641481703655251,0,0,0,0,0,0,0,0,0,0,0,0,0,0,0,0,0,1,0,0,0,0,0,0,0,0,0,1,0,1,0,0,0,0,1,0,0,1,0,1,0,0,0,1,0,0,0,0,0,1,0,0,0,0,0,1,0,0,0,0,0,0,0,1,0
1,103,94.5,0.817876021143681,0.886111111111111,0.894648829431438,2024,97,3.15,3.29,9.4,69.0,5200.0,31,37,7349,7.58064516129032,6.83783783783784,0,1,0.648377978207387,0,0,0,0,0,0,0,0,0,0,0,0,0,0,0,0,0,1,0,0,0,0,0,0,0,0,0,1,0,1,0,0,0,0,0,1,0,1,0,1,0,0,0,1,0,0,0,0,0,1,0,0,0,0,0,1,0,0,0,0,0,0,0,1,0
1,128,94.5,0.794329649207112,0.886111111111111,0.911371237458194,1951,97,3.15,3.29,9.4,69.0,5200.0,31,37,7299,7.58064516129032,6.83783783783784,0,1,0.641481703655251,0,0,0,0,0,0,0,0,0,0,0,0,0,0,0,0,0,1,0,0,0,0,0,0,0,0,0,1,0,0,1,0,0,0,1,0,0,1,0,1,0,0,0,1,0,0,0,0,0,1,0,0,0,0,0,1,0,0,0,0,0,0,0,1,0
1,128,94.5,0.795771263815473,0.886111111111111,0.891304347826087,2028,97,3.15,3.29,9.4,69.0,5200.0,31,37,7799,7.58064516129032,6.83783783783784,0,1,0.628495915425276,0,0,0,0,0,0,0,0,0,0,0,0,0,0,0,0,0,1,0,0,0,0,0,0,0,0,0,1,0,0,1,0,0,1,0,0,0,1,0,1,0,0,0,1,0,0,0,0,0,1,0,0,0,0,0,1,0,0,0,0,0,0,0,1,0
1,122,94.5,0.794329649207112,0.886111111111111,0.911371237458194,1971,97,3.15,3.29,9.4,69.0,5200.0,31,37,7499,7.58064516129032,6.83783783783784,0,1,0.641481703655251,0,0,0,0,0,0,0,0,0,0,0,0,0,0,0,0,0,1,0,0,0,0,0,0,0,0,0,1,0,1,0,0,0,0,1,0,0,1,0,1,0,0,0,1,0,0,0,0,0,1,0,0,0,0,0,1,0,0,0,0,0,0,0,1,0
1,103,94.5,0.817876021143681,0.886111111111111,0.894648829431438,2037,97,3.15,3.29,9.4,69.0,5200.0,31,37,7999,7.58064516129032,6.83783783783784,0,1,0.648377978207387,0,0,0,0,0,0,0,0,0,0,0,0,0,0,0,0,0,1,0,0,0,0,0,0,0,0,0,1,0,1,0,0,0,0,0,1,0,1,0,1,0,0,0,1,0,0,0,0,0,1,0,0,0,0,0,1,0,0,0,0,0,0,0,1,0
2,168,95.1,0.780394041326286,0.886111111111111,0.891304347826087,2008,97,3.15,3.29,9.4,69.0,5200.0,31,37,8249,7.58064516129032,6.83783783783784,0,1,0.616351066818025,0,0,0,0,0,0,0,0,0,0,0,0,0,0,0,0,0,1,0,0,0,0,0,0,0,0,0,1,0,0,1,0,1,0,0,0,0,1,0,1,0,0,0,1,0,0,0,0,0,1,0,0,0,0,0,1,0,0,0,0,0,0,0,1,0
0,106,97.2,0.833253243632869,0.905555555555556,0.914715719063545,2324,120,3.33,3.47,8.5,97.0,5200.0,27,34,8949,8.7037037037037,7.44117647058824,0,1,0.690205243920013,0,0,0,0,0,0,0,0,0,0,0,0,0,0,0,0,0,1,0,0,0,0,0,0,0,0,0,1,0,1,0,0,0,1,0,0,0,1,0,1,0,0,0,1,0,0,0,0,0,1,0,0,0,0,0,1,0,0,0,0,0,0,0,1,0
0,106,97.2,0.833253243632869,0.905555555555556,0.914715719063545,2302,120,3.33,3.47,8.5,97.0,5200.0,27,34,9549,8.7037037037037,7.44117647058824,0,1,0.690205243920013,0,0,0,0,0,0,0,0,0,0,0,0,0,0,0,0,0,1,0,0,0,0,0,0,0,0,0,1,0,1,0,0,0,0,1,0,0,1,0,1,0,0,0,1,0,0,0,0,0,1,0,0,0,0,0,1,0,0,0,0,0,0,0,1,0
0,128,100.4,0.8731379144642,0.923611111111111,0.921404682274248,3095,181,3.43,3.27,9.0,152.0,5200.0,17,22,13499,13.8235294117647,11.5,0,1,0.74305748078874,0,0,0,0,0,0,0,0,0,0,0,0,0,0,0,0,0,1,0,0,0,0,0,0,0,0,0,1,0,1,0,0,0,0,1,0,0,1,0,1,0,0,0,0,0,1,0,0,0,0,1,0,0,0,0,0,0,0,0,1,0,0,0,0,1
0,108,100.4,0.887073522345026,0.923611111111111,0.938127090301003,3296,181,3.43,3.27,9.0,152.0,5200.0,17,22,14399,13.8235294117647,11.5,0,1,0.768617808467223,0,0,0,0,0,0,0,0,0,0,0,0,0,0,0,0,0,1,0,0,0,0,0,0,0,0,0,1,0,1,0,0,0,0,0,1,0,1,0,1,0,0,0,0,0,1,0,0,0,0,1,0,0,0,0,0,0,0,0,1,0,0,0,0,1
0,108,100.4,0.887073522345026,0.923611111111111,0.921404682274248,3060,181,3.43,3.27,9.0,152.0,5200.0,19,25,13499,12.3684210526316,10.12,0,1,0.754916956266381,0,0,0,0,0,0,0,0,0,0,0,0,0,0,0,0,0,1,0,0,0,0,0,0,0,0,0,1,0,1,0,0,0,0,1,0,0,1,0,1,0,0,0,0,0,1,0,0,0,0,1,0,0,0,0,0,0,0,0,1,0,0,0,0,1
3,194,91.3,0.820278712157617,0.943055555555556,0.831103678929766,3071,181,3.43,3.27,9.0,160.0,5200.0,19,25,17199,12.3684210526316,10.12,0,1,0.642915540321548,0,0,0,0,0,0,0,0,0,0,0,0,0,0,0,0,0,1,0,0,0,0,0,0,0,0,0,1,0,0,1,0,0,1,0,0,0,0,1,1,0,0,0,0,0,1,0,0,0,0,1,0,0,0,0,0,0,0,0,1,0,0,0,0,1
3,194,91.3,0.820278712157617,0.943055555555556,0.831103678929766,3139,181,3.43,3.27,7.8,200.0,5200.0,17,23,19699,13.8235294117647,11.0,0,1,0.642915540321548,0,0,0,0,0,0,0,0,0,0,0,0,0,0,0,0,0,1,0,0,0,0,0,0,0,0,0,0,1,0,1,0,0,1,0,0,0,0,1,1,0,0,0,0,0,1,0,0,0,0,1,0,0,0,0,0,0,0,0,1,0,0,1,0,0
1,231,99.2,0.857760691975012,0.943055555555556,0.831103678929766,3139,181,3.43,3.27,9.0,160.0,5200.0,19,25,18399,12.3684210526316,10.12,0,1,0.67229305183009,0,0,0,0,0,0,0,0,0,0,0,0,0,0,0,0,0,1,0,0,0,0,0,0,0,0,0,1,0,0,1,0,0,1,0,0,0,0,1,1,0,0,0,0,0,1,0,0,0,0,1,0,0,0,0,0,0,0,0,1,0,0,0,0,1
0,161,107.9,0.897164824603556,0.95,0.948160535117057,3020,120,3.46,3.19,8.4,97.0,5000.0,19,24,11900,12.3684210526316,10.5416666666667,0,1,0.808123466175093,0,0,0,0,0,0,0,0,0,0,0,0,0,0,0,0,0,0,1,0,0,0,0,0,0,0,0,1,0,1,0,0,0,0,1,0,0,0,1,1,0,0,1,0,0,0,0,0,0,1,0,0,0,0,0,0,0,0,0,1,0,0,0,1,0
0,161,107.9,0.897164824603556,0.95,0.948160535117057,3197,152,3.7,3.52,21.0,95.0,4150.0,28,33,13200,8.39285714285714,7.66666666666667,1,0,0.808123466175093,0,0,0,0,0,0,0,0,0,0,0,0,0,0,0,0,0,0,1,0,0,0,0,0,0,0,0,0,1,1,0,0,0,0,1,0,0,0,1,1,0,0,1,0,0,0,0,0,0,1,0,0,0,0,0,0,0,1,0,0,0,0,0,1,0
0,121,114.2,0.955790485343585,0.95,0.981605351170569,3230,120,3.46,3.19,8.4,97.0,5000.0,19,24,12440,12.3684210526316,10.5416666666667,0,1,0.891298602260619,0,0,0,0,0,0,0,0,0,0,0,0,0,0,0,0,0,0,1,0,0,0,0,0,0,0,0,1,0,1,0,0,0,0,0,1,0,0,1,1,0,0,1,0,0,0,0,0,0,1,0,0,0,0,0,0,0,0,0,1,0,0,0,1,0
0,121,114.2,0.955790485343585,0.95,0.981605351170569,3430,152,3.7,3.52,21.0,95.0,4150.0,25,25,13860,9.4,10.12,1,0,0.891298602260619,0,0,0,0,0,0,0,0,0,0,0,0,0,0,0,0,0,0,1,0,0,0,0,0,0,0,0,0,1,1,0,0,0,0,0,1,0,0,1,1,0,0,1,0,0,0,0,0,0,1,0,0,0,0,0,0,0,1,0,0,0,0,0,1,0
0,161,107.9,0.897164824603556,0.95,0.948160535117057,3075,120,3.46,2.19,8.4,95.0,5000.0,19,24,15580,12.3684210526316,10.5416666666667,0,1,0.808123466175093,0,0,0,0,0,0,0,0,0,0,0,0,0,0,0,0,0,0,1,0,0,0,0,0,0,0,0,1,0,1,0,0,0,0,1,0,0,0,1,1,0,0,1,0,0,0,0,0,0,1,0,0,0,0,0,0,0,0,0,1,0,0,0,1,0
0,161,107.9,0.897164824603556,0.95,0.948160535117057,3252,152,3.7,3.52,21.0,95.0,4150.0,28,33,16900,8.39285714285714,7.66666666666667,1,0,0.808123466175093,0,0,0,0,0,0,0,0,0,0,0,0,0,0,0,0,0,0,1,0,0,0,0,0,0,0,0,0,1,1,0,0,0,0,1,0,0,0,1,1,0,0,1,0,0,0,0,0,0,1,0,0,0,0,0,0,0,1,0,0,0,0,0,1,0
0,121,114.2,0.955790485343585,0.95,0.948160535117057,3285,120,3.46,2.19,8.4,95.0,5000.0,19,24,16695,12.3684210526316,10.5416666666667,0,1,0.860930677141007,0,0,0,0,0,0,0,0,0,0,0,0,0,0,0,0,0,0,1,0,0,0,0,0,0,0,0,1,0,1,0,0,0,0,0,1,0,0,1,1,0,0,1,0,0,0,0,0,0,1,0,0,0,0,0,0,0,0,0,1,0,0,0,1,0
0,121,114.2,0.955790485343585,0.95,0.981605351170569,3485,152,3.7,3.52,21.0,95.0,4150.0,25,25,17075,9.4,10.12,1,0,0.891298602260619,0,0,0,0,0,0,0,0,0,0,0,0,0,0,0,0,0,0,1,0,0,0,0,0,0,0,0,0,1,1,0,0,0,0,0,1,0,0,1,1,0,0,1,0,0,0,0,0,0,1,0,0,0,0,0,0,0,1,0,0,0,0,0,1,0
0,161,107.9,0.897164824603556,0.95,0.948160535117057,3075,120,3.46,3.19,8.4,97.0,5000.0,19,24,16630,12.3684210526316,10.5416666666667,0,1,0.808123466175093,0,0,0,0,0,0,0,0,0,0,0,0,0,0,0,0,0,0,1,0,0,0,0,0,0,0,0,1,0,1,0,0,0,0,1,0,0,0,1,1,0,0,1,0,0,0,0,0,0,1,0,0,0,0,0,0,0,0,0,1,0,0,0,1,0
0,161,107.9,0.897164824603556,0.95,0.948160535117057,3252,152,3.7,3.52,21.0,95.0,4150.0,28,33,17950,8.39285714285714,7.66666666666667,1,0,0.808123466175093,0,0,0,0,0,0,0,0,0,0,0,0,0,0,0,0,0,0,1,0,0,0,0,0,0,0,0,0,1,1,0,0,0,0,1,0,0,0,1,1,0,0,1,0,0,0,0,0,0,1,0,0,0,0,0,0,0,1,0,0,0,0,0,1,0
0,161,108.0,0.897164824603556,0.948611111111111,0.936454849498328,3130,134,3.61,3.21,7.0,142.0,5600.0,18,24,18150,13.0555555555556,10.5416666666667,0,1,0.796979752216574,0,0,0,0,0,0,0,0,0,0,0,0,0,0,0,0,0,0,1,0,0,0,0,0,0,0,0,0,1,1,0,0,0,0,1,0,0,0,1,1,0,0,1,0,0,0,0,0,0,1,0,0,0,0,0,0,0,0,0,1,0,0,0,0,1
1,119,93.7,0.755886592984142,0.886111111111111,0.849498327759197,1918,90,2.97,3.23,9.4,68.0,5500.0,37,41,5572,6.35135135135135,6.17073170731707,0,1,0.568993562645235,0,0,0,0,0,0,0,0,0,0,0,0,0,0,0,0,0,0,0,1,0,0,0,0,0,0,0,1,0,0,1,0,0,1,0,0,0,1,0,1,0,0,0,1,0,0,0,0,0,1,0,0,0,0,0,1,0,0,0,0,0,0,0,1,0
1,119,93.7,0.755886592984142,0.886111111111111,0.849498327759197,2128,98,3.03,3.39,7.6,102.0,5500.0,24,30,7957,9.79166666666667,8.43333333333333,0,1,0.568993562645235,0,0,0,0,0,0,0,0,0,0,0,0,0,0,0,0,0,0,0,1,0,0,0,0,0,0,0,0,1,0,1,0,0,1,0,0,0,1,0,1,0,0,0,1,0,0,0,0,0,1,0,0,0,0,0,0,0,0,0,0,1,0,0,1,0
1,154,93.7,0.755886592984142,0.886111111111111,0.846153846153846,1967,90,2.97,3.23,9.4,68.0,5500.0,31,38,6229,7.58064516129032,6.65789473684211,0,1,0.566753430508837,0,0,0,0,0,0,0,0,0,0,0,0,0,0,0,0,0,0,0,1,0,0,0,0,0,0,0,1,0,1,0,0,0,1,0,0,0,1,0,1,0,0,0,1,0,0,0,0,0,1,0,0,0,0,0,1,0,0,0,0,0,0,0,1,0
1,154,93.7,0.803940413262854,0.886111111111111,0.849498327759197,1989,90,2.97,3.23,9.4,68.0,5500.0,31,38,6692,7.58064516129032,6.65789473684211,0,1,0.605166071395727,0,0,0,0,0,0,0,0,0,0,0,0,0,0,0,0,0,0,0,1,0,0,0,0,0,0,0,1,0,1,0,0,0,0,1,0,0,1,0,1,0,0,0,1,0,0,0,0,0,1,0,0,0,0,0,1,0,0,0,0,0,0,0,1,0
1,154,93.7,0.803940413262854,0.886111111111111,0.849498327759197,2191,98,2.97,3.23,9.4,68.0,5500.0,31,38,7609,7.58064516129032,6.65789473684211,0,1,0.605166071395727,0,0,0,0,0,0,0,0,0,0,0,0,0,0,0,0,0,0,0,1,0,0,0,0,0,0,0,1,0,1,0,0,0,0,1,0,0,1,0,1,0,0,0,1,0,0,0,0,0,1,0,0,0,0,0,1,0,0,0,0,0,0,0,1,0
-1,74,103.3,0.839019702066314,0.897222222222222,1.0,2535,122,3.35,3.46,8.5,88.0,5000.0,24,30,8921,9.79166666666667,8.43333333333333,0,1,0.752787121576165,0,0,0,0,0,0,0,0,0,0,0,0,0,0,0,0,0,0,0,1,0,0,0,0,0,0,0,1,0,1,0,0,0,0,0,1,0,1,0,1,0,0,0,1,0,0,0,0,0,1,0,0,0,0,0,1,0,0,0,0,0,0,0,1,0
3,121,95.9,0.832292167227294,0.920833333333333,0.839464882943144,2818,156,3.59,3.86,7.0,145.0,5000.0,19,24,12764,12.3684210526316,10.5416666666667,0,1,0.64336787636936,0,0,0,0,0,0,0,0,0,0,0,0,0,0,0,0,0,0,0,1,0,0,0,0,0,0,0,0,1,0,1,0,0,1,0,0,0,0,1,1,0,0,0,1,0,0,0,0,0,1,0,0,0,0,0,0,0,0,0,0,1,0,0,0,1
3,186,94.5,0.811629024507448,0.948611111111111,0.839464882943144,2778,151,3.94,3.11,9.5,143.0,5500.0,19,27,22018,12.3684210526316,9.37037037037037,0,1,0.64632106353765,0,0,0,0,0,0,0,0,0,0,0,0,0,0,0,0,0,0,0,0,1,0,0,0,0,0,0,1,0,0,1,0,0,1,0,0,0,0,1,1,0,0,0,1,0,0,0,0,0,1,0,0,0,0,0,0,0,0,0,1,0,0,0,0,1
3,121,89.5,0.811629024507448,0.902777777777778,0.862876254180602,2756,194,3.74,2.9,9.5,207.0,5900.0,17,25,32528,13.8235294117647,10.12,0,1,0.632247247351817,0,0,0,0,0,0,0,0,0,0,0,0,0,0,0,0,0,0,0,0,1,0,0,0,0,0,0,1,0,0,1,0,1,0,0,0,0,0,1,0,1,0,0,0,1,0,0,0,0,0,1,0,0,0,0,0,0,0,0,1,0,0,1,0,0
3,121,89.5,0.811629024507448,0.902777777777778,0.862876254180602,2756,194,3.74,2.9,9.5,207.0,5900.0,17,25,34028,13.8235294117647,10.12,0,1,0.632247247351817,0,0,0,0,0,0,0,0,0,0,0,0,0,0,0,0,0,0,0,0,1,0,0,0,0,0,0,1,0,0,1,0,1,0,0,0,0,0,1,0,1,0,0,0,1,0,0,0,0,0,1,0,0,0,0,0,0,0,0,1,0,0,1,0,0
3,121,89.5,0.811629024507448,0.902777777777778,0.862876254180602,2800,194,3.74,2.9,9.5,207.0,5900.0,17,25,37028,13.8235294117647,10.12,0,1,0.632247247351817,0,0,0,0,0,0,0,0,0,0,0,0,0,0,0,0,0,0,0,0,1,0,0,0,0,0,0,1,0,0,1,1,0,0,0,0,0,0,1,0,1,0,0,0,1,0,0,0,0,0,1,0,0,0,0,0,0,0,0,1,0,0,1,0,0
0,121,96.1,0.872176838058626,0.923611111111111,0.923076923076923,2579,132,3.46,3.9,8.7,103.156950672646,5130.94170403588,23,31,9295,10.2173913043478,8.16129032258065,0,1,0.743586663216649,0,0,0,0,0,0,0,0,0,0,0,0,0,0,0,0,0,0,0,0,0,1,0,0,0,0,0,1,0,1,0,0,0,0,0,1,0,1,0,1,0,0,0,1,0,0,0,0,0,1,0,0,0,0,0,0,0,0,0,1,0,0,0,1,0
2,121,96.1,0.849591542527631,0.925,0.844481605351171,2460,132,3.46,3.9,8.7,103.156950672646,5130.94170403588,23,31,9895,10.2173913043478,8.16129032258065,0,1,0.663654597497023,0,0,0,0,0,0,0,0,0,0,0,0,0,0,0,0,0,0,0,0,0,1,0,0,0,0,0,1,0,0,1,0,0,1,0,0,0,1,0,1,0,0,0,1,0,0,0,0,0,1,0,0,0,0,0,0,0,0,0,1,0,0,0,1,0
3,150,99.1,0.896684286400769,0.923611111111111,0.938127090301003,2658,121,3.54,3.07,9.31,110.0,5250.0,21,28,11850,11.1904761904762,9.03571428571429,0,1,0.77694519534119,0,0,0,0,0,0,0,0,0,0,0,0,0,0,0,0,0,0,0,0,0,0,1,0,0,0,0,1,0,0,1,0,0,1,0,0,0,1,0,1,0,0,0,1,0,0,0,0,0,1,0,0,0,0,0,0,0,0,0,1,0,0,0,1,0
2,104,99.1,0.896684286400769,0.923611111111111,0.938127090301003,2695,121,3.54,3.07,9.3,110.0,5250.0,21,28,12170,11.1904761904762,9.03571428571429,0,1,0.77694519534119,0,0,0,0,0,0,0,0,0,0,0,0,0,0,0,0,0,0,0,0,0,0,1,0,0,0,0,1,0,1,0,0,0,0,1,0,0,1,0,1,0,0,0,1,0,0,0,0,0,1,0,0,0,0,0,0,0,0,0,1,0,0,0,1,0
3,150,99.1,0.896684286400769,0.923611111111111,0.938127090301003,2707,121,2.54,2.07,9.3,110.0,5250.0,21,28,15040,11.1904761904762,9.03571428571429,0,1,0.77694519534119,0,0,0,0,0,0,0,0,0,0,0,0,0,0,0,0,0,0,0,0,0,0,1,0,0,0,0,1,0,0,1,0,0,1,0,0,0,1,0,1,0,0,0,1,0,0,0,0,0,1,0,0,0,0,0,0,0,0,0,1,0,0,0,1,0
2,104,99.1,0.896684286400769,0.923611111111111,0.938127090301003,2758,121,3.54,3.07,9.3,110.0,5250.0,21,28,15510,11.1904761904762,9.03571428571429,0,1,0.77694519534119,0,0,0,0,0,0,0,0,0,0,0,0,0,0,0,0,0,0,0,0,0,0,1,0,0,0,0,1,0,1,0,0,0,0,1,0,0,1,0,1,0,0,0,1,0,0,0,0,0,1,0,0,0,0,0,0,0,0,0,1,0,0,0,1,0
3,150,99.1,0.896684286400769,0.923611111111111,0.938127090301003,2808,121,3.54,3.07,9.0,160.0,5500.0,19,26,18150,12.3684210526316,9.73076923076923,0,1,0.77694519534119,0,0,0,0,0,0,0,0,0,0,0,0,0,0,0,0,0,0,0,0,0,0,1,0,0,0,0,0,1,0,1,0,0,1,0,0,0,1,0,1,0,1,0,0,0,0,0,0,0,1,0,0,0,0,0,0,0,0,0,1,0,0,0,0,1
2,104,99.1,0.896684286400769,0.923611111111111,0.938127090301003,2847,121,3.54,3.07,9.0,160.0,5500.0,19,26,18620,12.3684210526316,9.73076923076923,0,1,0.77694519534119,0,0,0,0,0,0,0,0,0,0,0,0,0,0,0,0,0,0,0,0,0,0,1,0,0,0,0,0,1,1,0,0,0,0,1,0,0,1,0,1,0,1,0,0,0,0,0,0,0,1,0,0,0,0,0,0,0,0,0,1,0,0,0,0,1
2,83,93.7,0.753964440172994,0.880555555555556,0.897993311036789,2050,97,3.62,2.36,9.0,69.0,4900.0,31,36,5118,7.58064516129032,7.02777777777778,0,1,0.596184562830772,0,0,0,0,0,0,0,0,0,0,0,0,0,0,0,0,0,0,0,0,0,0,0,1,0,0,0,1,0,0,1,0,0,1,0,0,0,1,0,1,0,0,0,0,1,0,0,0,0,1,0,0,0,0,0,1,0,0,0,0,0,0,0,1,0
2,83,93.7,0.758769822200865,0.883333333333333,0.897993311036789,2120,108,3.62,2.64,8.7,73.0,4400.0,26,31,7053,9.03846153846154,8.16129032258065,0,1,0.601877032041773,0,0,0,0,0,0,0,0,0,0,0,0,0,0,0,0,0,0,0,0,0,0,0,1,0,0,0,1,0,0,1,0,0,1,0,0,0,1,0,1,0,0,0,0,1,0,0,0,0,1,0,0,0,0,0,1,0,0,0,0,0,0,0,1,0
2,83,93.3,0.755886592984142,0.886111111111111,0.931438127090301,2240,108,3.62,2.64,8.7,73.0,4400.0,26,31,7603,9.03846153846154,8.16129032258065,0,1,0.623876799987,0,0,0,0,0,0,0,0,0,0,0,0,0,0,0,0,0,0,0,0,0,0,0,1,0,0,0,1,0,0,1,0,0,1,0,0,1,0,0,1,0,0,0,0,1,0,0,0,0,1,0,0,0,0,0,1,0,0,0,0,0,0,0,1,0
0,102,97.2,0.826525708793849,0.908333333333333,0.877926421404682,2145,108,3.62,2.64,9.5,82.0,4800.0,32,37,7126,7.34375,6.83783783783784,0,1,0.659112788262654,0,0,0,0,0,0,0,0,0,0,0,0,0,0,0,0,0,0,0,0,0,0,0,1,0,0,0,1,0,1,0,0,0,0,1,0,0,1,0,1,0,0,0,0,1,0,0,0,0,1,0,0,0,0,0,1,0,0,0,0,0,0,0,1,0
0,102,97.2,0.826525708793849,0.908333333333333,0.877926421404682,2190,108,3.62,2.64,9.5,82.0,4400.0,28,33,7775,8.39285714285714,7.66666666666667,0,1,0.659112788262654,0,0,0,0,0,0,0,0,0,0,0,0,0,0,0,0,0,0,0,0,0,0,0,1,0,0,0,1,0,1,0,0,0,0,1,0,0,1,0,1,0,0,0,0,1,0,0,0,0,1,0,0,0,0,0,1,0,0,0,0,0,0,0,1,0
0,102,97.2,0.826525708793849,0.908333333333333,0.877926421404682,2340,108,3.62,2.64,9.0,94.0,5200.0,26,32,9960,9.03846153846154,7.90625,0,1,0.659112788262654,0,0,0,0,0,0,0,0,0,0,0,0,0,0,0,0,0,0,0,0,0,0,0,1,0,0,0,1,0,1,0,0,0,0,1,0,0,1,0,1,0,0,0,0,1,0,0,0,0,1,0,0,0,0,0,0,0,0,0,1,0,0,0,1,0
0,102,97.0,0.826525708793849,0.908333333333333,0.908026755852843,2385,108,3.62,2.64,9.0,82.0,4800.0,24,25,9233,9.79166666666667,10.12,0,1,0.681710941003087,0,0,0,0,0,0,0,0,0,0,0,0,0,0,0,0,0,0,0,0,0,0,0,1,0,0,0,1,0,1,0,0,0,0,1,0,1,0,0,1,0,0,0,0,1,0,0,0,0,1,0,0,0,0,0,1,0,0,0,0,0,0,0,1,0
0,102,97.0,0.826525708793849,0.908333333333333,0.908026755852843,2510,108,3.62,2.64,7.7,111.0,4800.0,24,29,11259,9.79166666666667,8.72413793103448,0,1,0.681710941003087,0,0,0,0,0,0,0,0,0,0,0,0,0,0,0,0,0,0,0,0,0,0,0,1,0,0,0,0,1,1,0,0,0,0,1,0,1,0,0,1,0,0,0,0,1,0,0,0,0,1,0,0,0,0,0,0,0,0,0,1,0,0,0,1,0
0,89,97.0,0.833733781835656,0.908333333333333,0.88628762541806,2290,108,3.62,2.64,9.0,82.0,4800.0,28,32,7463,8.39285714285714,7.90625,0,1,0.671192873141665,0,0,0,0,0,0,0,0,0,0,0,0,0,0,0,0,0,0,0,0,0,0,0,1,0,0,0,1,0,1,0,0,0,0,0,1,0,1,0,1,0,0,0,0,1,0,0,0,0,1,0,0,0,0,0,1,0,0,0,0,0,0,0,1,0
0,89,97.0,0.833733781835656,0.908333333333333,0.88628762541806,2455,108,3.62,2.64,9.0,94.0,5200.0,25,31,10198,9.4,8.16129032258065,0,1,0.671192873141665,0,0,0,0,0,0,0,0,0,0,0,0,0,0,0,0,0,0,0,0,0,0,0,1,0,0,0,1,0,1,0,0,0,0,0,1,0,1,0,1,0,0,0,0,1,0,0,0,0,1,0,0,0,0,0,0,0,0,0,1,0,0,0,1,0
0,85,96.9,0.834214320038443,0.908333333333333,0.918060200668896,2420,108,3.62,2.64,9.0,82.0,4800.0,23,29,8013,10.2173913043478,8.72413793103448,0,1,0.695655227500285,0,0,0,0,0,0,0,0,0,0,0,0,0,0,0,0,0,0,0,0,0,0,0,1,0,0,0,1,0,1,0,0,0,0,0,1,1,0,0,1,0,0,0,0,1,0,0,0,0,1,0,0,0,0,0,1,0,0,0,0,0,0,0,1,0
0,85,96.9,0.834214320038443,0.908333333333333,0.918060200668896,2650,108,3.62,2.64,7.7,111.0,4800.0,23,23,11694,10.2173913043478,11.0,0,1,0.695655227500285,0,0,0,0,0,0,0,0,0,0,0,0,0,0,0,0,0,0,0,0,0,0,0,1,0,0,0,0,1,1,0,0,0,0,0,1,1,0,0,1,0,0,0,0,1,0,0,0,0,1,0,0,0,0,0,0,0,0,0,1,0,0,0,1,0
1,87,95.7,0.762614127823162,0.883333333333333,0.911371237458194,1985,92,3.05,3.03,9.0,62.0,4800.0,35,39,5348,6.71428571428571,6.48717948717949,0,1,0.613938380216612,0,0,0,0,0,0,0,0,0,0,0,0,0,0,0,0,0,0,0,0,0,0,0,0,1,0,0,1,0,0,1,0,0,1,0,0,0,1,0,1,0,0,0,1,0,0,0,0,0,1,0,0,0,0,0,1,0,0,0,0,0,0,0,1,0
1,87,95.7,0.762614127823162,0.883333333333333,0.911371237458194,2040,92,3.05,3.03,9.0,62.0,4800.0,31,38,6338,7.58064516129032,6.65789473684211,0,1,0.613938380216612,0,0,0,0,0,0,0,0,0,0,0,0,0,0,0,0,0,0,0,0,0,0,0,0,1,0,0,1,0,0,1,0,0,1,0,0,0,1,0,1,0,0,0,1,0,0,0,0,0,1,0,0,0,0,0,1,0,0,0,0,0,0,0,1,0
1,74,95.7,0.762614127823162,0.883333333333333,0.911371237458194,2015,92,3.05,3.03,9.0,62.0,4800.0,31,38,6488,7.58064516129032,6.65789473684211,0,1,0.613938380216612,0,0,0,0,0,0,0,0,0,0,0,0,0,0,0,0,0,0,0,0,0,0,0,0,1,0,0,1,0,1,0,0,0,1,0,0,0,1,0,1,0,0,0,1,0,0,0,0,0,1,0,0,0,0,0,1,0,0,0,0,0,0,0,1,0
0,77,95.7,0.815473330129745,0.883333333333333,0.988294314381271,2280,92,3.05,3.03,9.0,62.0,4800.0,31,37,6918,7.58064516129032,6.83783783783784,0,1,0.711902762532163,0,0,0,0,0,0,0,0,0,0,0,0,0,0,0,0,0,0,0,0,0,0,0,0,1,0,0,1,0,1,0,0,0,0,0,1,0,1,0,1,0,0,0,1,0,0,0,0,0,1,0,0,0,0,0,1,0,0,0,0,0,0,0,1,0
0,81,95.7,0.815473330129745,0.883333333333333,0.988294314381271,2290,92,3.05,3.03,9.0,62.0,4800.0,27,32,7898,8.7037037037037,7.90625,0,1,0.711902762532163,0,0,0,0,0,0,0,0,0,0,0,0,0,0,0,0,0,0,0,0,0,0,0,0,1,0,0,1,0,1,0,0,0,0,0,1,1,0,0,1,0,0,0,1,0,0,0,0,0,1,0,0,0,0,0,1,0,0,0,0,0,0,0,1,0
0,91,95.7,0.815473330129745,0.883333333333333,0.988294314381271,3110,92,3.05,3.03,9.0,62.0,4800.0,27,32,8778,8.7037037037037,7.90625,0,1,0.711902762532163,0,0,0,0,0,0,0,0,0,0,0,0,0,0,0,0,0,0,0,0,0,0,0,0,1,0,0,1,0,1,0,0,0,0,0,1,1,0,0,1,0,0,0,1,0,0,0,0,0,1,0,0,0,0,0,1,0,0,0,0,0,0,0,1,0
0,91,95.7,0.799135031234983,0.894444444444444,0.88628762541806,2081,98,3.19,3.03,9.0,70.0,4800.0,30,37,6938,7.83333333333333,6.83783783783784,0,1,0.633502343137134,0,0,0,0,0,0,0,0,0,0,0,0,0,0,0,0,0,0,0,0,0,0,0,0,1,0,0,1,0,1,0,0,0,0,1,0,0,1,0,1,0,0,0,1,0,0,0,0,0,1,0,0,0,0,0,1,0,0,0,0,0,0,0,1,0
0,91,95.7,0.799135031234983,0.894444444444444,0.882943143812709,2109,98,3.19,3.03,9.0,70.0,4800.0,30,37,7198,7.83333333333333,6.83783783783784,0,1,0.631111768257371,0,0,0,0,0,0,0,0,0,0,0,0,0,0,0,0,0,0,0,0,0,0,0,0,1,0,0,1,0,1,0,0,0,1,0,0,0,1,0,1,0,0,0,1,0,0,0,0,0,1,0,0,0,0,0,1,0,0,0,0,0,0,0,1,0
0,91,95.7,0.799135031234983,0.894444444444444,0.88628762541806,2275,110,3.27,3.35,22.5,56.0,4500.0,34,36,7898,6.91176470588235,7.02777777777778,1,0,0.633502343137134,0,0,0,0,0,0,0,0,0,0,0,0,0,0,0,0,0,0,0,0,0,0,0,0,1,0,0,1,0,1,0,0,0,0,1,0,0,1,0,1,0,0,0,1,0,0,0,0,0,1,0,0,0,0,0,0,0,1,0,0,0,0,0,1,0
0,91,95.7,0.799135031234983,0.894444444444444,0.882943143812709,2275,110,3.27,3.35,22.5,56.0,4500.0,38,47,7788,6.18421052631579,5.38297872340426,1,0,0.631111768257371,0,0,0,0,0,0,0,0,0,0,0,0,0,0,0,0,0,0,0,0,0,0,0,0,1,0,0,1,0,1,0,0,0,1,0,0,0,1,0,1,0,0,0,1,0,0,0,0,0,1,0,0,0,0,0,0,0,1,0,0,0,0,0,1,0
0,91,95.7,0.799135031234983,0.894444444444444,0.88628762541806,2094,98,3.19,3.03,9.0,70.0,4800.0,38,47,7738,6.18421052631579,5.38297872340426,0,1,0.633502343137134,0,0,0,0,0,0,0,0,0,0,0,0,0,0,0,0,0,0,0,0,0,0,0,0,1,0,0,1,0,1,0,0,0,0,1,0,0,1,0,1,0,0,0,1,0,0,0,0,0,1,0,0,0,0,0,1,0,0,0,0,0,0,0,1,0
0,91,95.7,0.799135031234983,0.894444444444444,0.882943143812709,2122,98,3.19,3.03,9.0,70.0,4800.0,28,34,8358,8.39285714285714,7.44117647058824,0,1,0.631111768257371,0,0,0,0,0,0,0,0,0,0,0,0,0,0,0,0,0,0,0,0,0,0,0,0,1,0,0,1,0,1,0,0,0,1,0,0,0,1,0,1,0,0,0,1,0,0,0,0,0,1,0,0,0,0,0,1,0,0,0,0,0,0,0,1,0
0,91,95.7,0.799135031234983,0.894444444444444,0.882943143812709,2140,98,3.19,3.03,9.0,70.0,4800.0,28,34,9258,8.39285714285714,7.44117647058824,0,1,0.631111768257371,0,0,0,0,0,0,0,0,0,0,0,0,0,0,0,0,0,0,0,0,0,0,0,0,1,0,0,1,0,1,0,0,0,0,1,0,0,1,0,1,0,0,0,1,0,0,0,0,0,1,0,0,0,0,0,1,0,0,0,0,0,0,0,1,0
1,168,94.5,0.810667948101874,0.888888888888889,0.879598662207358,2169,98,3.19,3.03,9.0,70.0,4800.0,29,34,8058,8.10344827586207,7.44117647058824,0,1,0.633833282350926,0,0,0,0,0,0,0,0,0,0,0,0,0,0,0,0,0,0,0,0,0,0,0,0,1,0,0,1,0,0,1,0,0,0,1,0,0,0,1,1,0,0,0,1,0,0,0,0,0,1,0,0,0,0,0,1,0,0,0,0,0,0,0,1,0
1,168,94.5,0.810667948101874,0.888888888888889,0.879598662207358,2204,98,3.19,3.03,9.0,70.0,4800.0,29,34,8238,8.10344827586207,7.44117647058824,0,1,0.633833282350926,0,0,0,0,0,0,0,0,0,0,0,0,0,0,0,0,0,0,0,0,0,0,0,0,1,0,0,1,0,0,1,0,0,1,0,0,0,0,1,1,0,0,0,1,0,0,0,0,0,1,0,0,0,0,0,1,0,0,0,0,0,0,0,1,0
1,168,94.5,0.810667948101874,0.888888888888889,0.879598662207358,2265,98,3.24,3.08,9.4,112.0,6600.0,26,29,9298,9.03846153846154,8.72413793103448,0,1,0.633833282350926,0,0,0,0,0,0,0,0,0,0,0,0,0,0,0,0,0,0,0,0,0,0,0,0,1,0,0,1,0,0,1,0,0,0,1,0,0,0,1,1,0,1,0,0,0,0,0,0,0,1,0,0,0,0,0,0,0,0,0,1,0,0,0,1,0
1,168,94.5,0.810667948101874,0.888888888888889,0.879598662207358,2300,98,3.24,3.08,9.4,112.0,6600.0,26,29,9538,9.03846153846154,8.72413793103448,0,1,0.633833282350926,0,0,0,0,0,0,0,0,0,0,0,0,0,0,0,0,0,0,0,0,0,0,0,0,1,0,0,1,0,0,1,0,0,1,0,0,0,0,1,1,0,1,0,0,0,0,0,0,0,1,0,0,0,0,0,0,0,0,0,1,0,0,0,1,0
2,134,98.4,0.846708313310908,0.911111111111111,0.869565217391304,2540,146,3.62,3.5,9.3,116.0,4800.0,24,30,8449,9.79166666666667,8.43333333333333,0,1,0.670822045328449,0,0,0,0,0,0,0,0,0,0,0,0,0,0,0,0,0,0,0,0,0,0,0,0,1,0,0,1,0,0,1,0,1,0,0,0,0,0,1,1,0,0,0,1,0,0,0,0,0,1,0,0,0,0,0,0,0,0,0,1,0,0,0,1,0
2,134,98.4,0.846708313310908,0.911111111111111,0.869565217391304,2536,146,3.62,3.5,9.3,116.0,4800.0,24,30,9639,9.79166666666667,8.43333333333333,0,1,0.670822045328449,0,0,0,0,0,0,0,0,0,0,0,0,0,0,0,0,0,0,0,0,0,0,0,0,1,0,0,1,0,0,1,0,1,0,0,0,0,0,1,1,0,0,0,1,0,0,0,0,0,1,0,0,0,0,0,0,0,0,0,1,0,0,0,1,0
2,134,98.4,0.846708313310908,0.911111111111111,0.869565217391304,2551,146,3.62,3.5,9.3,116.0,4800.0,24,30,9989,9.79166666666667,8.43333333333333,0,1,0.670822045328449,0,0,0,0,0,0,0,0,0,0,0,0,0,0,0,0,0,0,0,0,0,0,0,0,1,0,0,1,0,0,1,0,0,1,0,0,0,0,1,1,0,0,0,1,0,0,0,0,0,1,0,0,0,0,0,0,0,0,0,1,0,0,0,1,0
2,134,98.4,0.846708313310908,0.911111111111111,0.869565217391304,2679,146,3.62,3.5,9.3,116.0,4800.0,24,30,11199,9.79166666666667,8.43333333333333,0,1,0.670822045328449,0,0,0,0,0,0,0,0,0,0,0,0,0,0,0,0,0,0,0,0,0,0,0,0,1,0,0,1,0,0,1,0,1,0,0,0,0,0,1,1,0,0,0,1,0,0,0,0,0,1,0,0,0,0,0,0,0,0,0,1,0,0,0,1,0
2,134,98.4,0.846708313310908,0.911111111111111,0.869565217391304,2714,146,3.62,3.5,9.3,116.0,4800.0,24,30,11549,9.79166666666667,8.43333333333333,0,1,0.670822045328449,0,0,0,0,0,0,0,0,0,0,0,0,0,0,0,0,0,0,0,0,0,0,0,0,1,0,0,1,0,0,1,0,0,1,0,0,0,0,1,1,0,0,0,1,0,0,0,0,0,1,0,0,0,0,0,0,0,0,0,1,0,0,0,1,0
2,134,98.4,0.846708313310908,0.911111111111111,0.88628762541806,2975,146,3.62,3.5,9.3,116.0,4800.0,24,30,17669,9.79166666666667,8.43333333333333,0,1,0.683722469277073,0,0,0,0,0,0,0,0,0,0,0,0,0,0,0,0,0,0,0,0,0,0,0,0,1,0,0,1,0,0,1,1,0,0,0,0,0,0,1,1,0,0,0,1,0,0,0,0,0,1,0,0,0,0,0,0,0,0,0,1,0,0,0,1,0
-1,65,102.4,0.843825084094185,0.923611111111111,0.918060200668896,2326,122,3.31,3.54,8.7,92.0,4200.0,29,34,8948,8.10344827586207,7.44117647058824,0,1,0.715505111544328,0,0,0,0,0,0,0,0,0,0,0,0,0,0,0,0,0,0,0,0,0,0,0,0,1,0,0,1,0,1,0,0,0,0,1,0,0,1,0,1,0,0,0,1,0,0,0,0,0,1,0,0,0,0,0,0,0,0,0,1,0,0,0,1,0
-1,65,102.4,0.843825084094185,0.923611111111111,0.918060200668896,2480,110,3.27,3.35,22.5,73.0,4500.0,30,33,10698,7.83333333333333,7.66666666666667,1,0,0.715505111544328,0,0,0,0,0,0,0,0,0,0,0,0,0,0,0,0,0,0,0,0,0,0,0,0,1,0,0,0,1,1,0,0,0,0,1,0,0,1,0,1,0,0,0,1,0,0,0,0,0,1,0,0,0,0,0,0,0,1,0,0,0,0,0,1,0
-1,65,102.4,0.843825084094185,0.923611111111111,0.901337792642141,2414,122,3.31,3.54,8.7,92.0,4200.0,27,32,9988,8.7037037037037,7.90625,0,1,0.702472231552628,0,0,0,0,0,0,0,0,0,0,0,0,0,0,0,0,0,0,0,0,0,0,0,0,1,0,0,1,0,1,0,0,0,1,0,0,0,1,0,1,0,0,0,1,0,0,0,0,0,1,0,0,0,0,0,0,0,0,0,1,0,0,0,1,0
-1,65,102.4,0.843825084094185,0.923611111111111,0.918060200668896,2414,122,3.31,3.54,8.7,92.0,4200.0,27,32,10898,8.7037037037037,7.90625,0,1,0.715505111544328,0,0,0,0,0,0,0,0,0,0,0,0,0,0,0,0,0,0,0,0,0,0,0,0,1,0,0,1,0,1,0,0,0,0,1,0,0,1,0,1,0,0,0,1,0,0,0,0,0,1,0,0,0,0,0,0,0,0,0,1,0,0,0,1,0
-1,65,102.4,0.843825084094185,0.923611111111111,0.901337792642141,2458,122,3.31,3.54,8.7,92.0,4200.0,27,32,11248,8.7037037037037,7.90625,0,1,0.702472231552628,0,0,0,0,0,0,0,0,0,0,0,0,0,0,0,0,0,0,0,0,0,0,0,0,1,0,0,1,0,1,0,0,0,1,0,0,0,1,0,1,0,0,0,1,0,0,0,0,0,1,0,0,0,0,0,0,0,0,0,1,0,0,0,1,0
3,197,102.9,0.881787602114368,0.940277777777778,0.869565217391304,2976,171,3.27,3.35,9.3,161.0,5200.0,20,24,16558,11.75,10.5416666666667,0,1,0.720978510424429,0,0,0,0,0,0,0,0,0,0,0,0,0,0,0,0,0,0,0,0,0,0,0,0,1,0,0,1,0,0,1,0,0,1,0,0,0,0,1,1,0,1,0,0,0,0,0,0,0,0,1,0,0,0,0,0,0,0,0,1,0,0,0,0,1
3,197,102.9,0.881787602114368,0.940277777777778,0.869565217391304,3016,171,3.27,3.35,9.3,161.0,5200.0,19,24,15998,12.3684210526316,10.5416666666667,0,1,0.720978510424429,0,0,0,0,0,0,0,0,0,0,0,0,0,0,0,0,0,0,0,0,0,0,0,0,1,0,0,1,0,0,1,0,0,1,0,0,0,0,1,1,0,1,0,0,0,0,0,0,0,0,1,0,0,0,0,0,0,0,0,1,0,0,0,0,1
-1,90,104.5,0.902450744834214,0.923611111111111,0.904682274247492,3131,171,3.27,3.35,9.2,156.0,5200.0,20,24,15690,11.75,10.5416666666667,0,1,0.754064920604053,0,0,0,0,0,0,0,0,0,0,0,0,0,0,0,0,0,0,0,0,0,0,0,0,1,0,0,1,0,1,0,0,0,0,1,0,0,0,1,1,0,1,0,0,0,0,0,0,0,0,1,0,0,0,0,0,0,0,0,1,0,0,0,0,1
-1,121,104.5,0.902450744834214,0.923611111111111,0.904682274247492,3151,161,3.27,3.35,9.2,156.0,5200.0,19,24,15750,12.3684210526316,10.5416666666667,0,1,0.754064920604053,0,0,0,0,0,0,0,0,0,0,0,0,0,0,0,0,0,0,0,0,0,0,0,0,1,0,0,1,0,1,0,0,0,0,0,1,0,0,1,1,0,1,0,0,0,0,0,0,0,0,1,0,0,0,0,0,0,0,0,1,0,0,0,0,1
2,122,97.3,0.825084094185488,0.909722222222222,0.931438127090301,2261,97,3.01,3.4,23.0,52.0,4800.0,37,46,7775,6.35135135135135,5.5,1,0,0.6991349765472,0,0,0,0,0,0,0,0,0,0,0,0,0,0,0,0,0,0,0,0,0,0,0,0,0,1,0,1,0,0,1,0,0,0,1,0,0,1,0,1,0,0,0,1,0,0,0,0,0,1,0,0,0,0,0,0,0,1,0,0,0,0,0,1,0
2,122,97.3,0.825084094185488,0.909722222222222,0.931438127090301,2209,109,3.19,3.4,9.0,85.0,5250.0,27,34,7975,8.7037037037037,7.44117647058824,0,1,0.6991349765472,0,0,0,0,0,0,0,0,0,0,0,0,0,0,0,0,0,0,0,0,0,0,0,0,0,1,0,1,0,0,1,0,0,0,1,0,0,1,0,1,0,0,0,1,0,0,0,0,0,1,0,0,0,0,0,0,0,0,0,1,0,0,0,1,0
2,94,97.3,0.825084094185488,0.909722222222222,0.931438127090301,2264,97,3.01,3.4,23.0,52.0,4800.0,37,46,7995,6.35135135135135,5.5,1,0,0.6991349765472,0,0,0,0,0,0,0,0,0,0,0,0,0,0,0,0,0,0,0,0,0,0,0,0,0,1,0,1,0,1,0,0,0,0,1,0,0,1,0,1,0,0,0,1,0,0,0,0,0,1,0,0,0,0,0,0,0,1,0,0,0,0,0,1,0
2,94,97.3,0.825084094185488,0.909722222222222,0.931438127090301,2212,109,3.19,3.4,9.0,85.0,5250.0,27,34,8195,8.7037037037037,7.44117647058824,0,1,0.6991349765472,0,0,0,0,0,0,0,0,0,0,0,0,0,0,0,0,0,0,0,0,0,0,0,0,0,1,0,1,0,1,0,0,0,0,1,0,0,1,0,1,0,0,0,1,0,0,0,0,0,1,0,0,0,0,0,0,0,0,0,1,0,0,0,1,0
2,94,97.3,0.825084094185488,0.909722222222222,0.931438127090301,2275,109,3.19,3.4,9.0,85.0,5250.0,27,34,8495,8.7037037037037,7.44117647058824,0,1,0.6991349765472,0,0,0,0,0,0,0,0,0,0,0,0,0,0,0,0,0,0,0,0,0,0,0,0,0,1,0,1,0,1,0,0,0,0,1,0,0,1,0,1,0,0,0,1,0,0,0,0,0,1,0,0,0,0,0,0,0,0,0,1,0,0,0,1,0
2,94,97.3,0.825084094185488,0.909722222222222,0.931438127090301,2319,97,3.01,3.4,23.0,68.0,4500.0,37,42,9495,6.35135135135135,6.02380952380952,1,0,0.6991349765472,0,0,0,0,0,0,0,0,0,0,0,0,0,0,0,0,0,0,0,0,0,0,0,0,0,1,0,0,1,1,0,0,0,0,1,0,0,1,0,1,0,0,0,1,0,0,0,0,0,1,0,0,0,0,0,0,0,1,0,0,0,0,0,1,0
2,94,97.3,0.825084094185488,0.909722222222222,0.931438127090301,2300,109,3.19,3.4,10.0,100.0,5500.0,26,32,9995,9.03846153846154,7.90625,0,1,0.6991349765472,0,0,0,0,0,0,0,0,0,0,0,0,0,0,0,0,0,0,0,0,0,0,0,0,0,1,0,1,0,1,0,0,0,0,1,0,0,1,0,1,0,0,0,1,0,0,0,0,0,1,0,0,0,0,0,0,0,0,0,1,0,0,0,1,0
3,121,94.5,0.765497357039885,0.891666666666667,0.929765886287625,2254,109,3.19,3.4,8.5,90.0,5500.0,24,29,11595,9.79166666666667,8.72413793103448,0,1,0.634628884685296,0,0,0,0,0,0,0,0,0,0,0,0,0,0,0,0,0,0,0,0,0,0,0,0,0,1,0,1,0,0,1,1,0,0,0,0,0,1,0,1,0,0,0,1,0,0,0,0,0,1,0,0,0,0,0,0,0,0,0,1,0,0,0,1,0
3,256,94.5,0.79625180201826,0.888888888888889,0.859531772575251,2221,109,3.19,3.4,8.5,90.0,5500.0,24,29,9980,9.79166666666667,8.72413793103448,0,1,0.608358864715549,0,0,0,0,0,0,0,0,0,0,0,0,0,0,0,0,0,0,0,0,0,0,0,0,0,1,0,1,0,0,1,0,0,1,0,0,0,1,0,1,0,0,0,1,0,0,0,0,0,1,0,0,0,0,0,0,0,0,0,1,0,0,0,1,0
0,121,100.4,0.865929841422393,0.929166666666667,0.921404682274248,2661,136,3.19,3.4,8.5,110.0,5500.0,19,24,13295,12.3684210526316,10.5416666666667,0,1,0.741355890503719,0,0,0,0,0,0,0,0,0,0,0,0,0,0,0,0,0,0,0,0,0,0,0,0,0,1,0,1,0,1,0,0,0,0,1,0,0,1,0,1,0,0,0,1,0,0,0,0,1,0,0,0,0,0,0,0,0,0,0,1,0,0,0,1,0
0,121,100.4,0.865929841422393,0.929166666666667,0.921404682274248,2579,97,3.01,3.4,23.0,68.0,4500.0,33,38,13845,7.12121212121212,6.65789473684211,1,0,0.741355890503719,0,0,0,0,0,0,0,0,0,0,0,0,0,0,0,0,0,0,0,0,0,0,0,0,0,1,0,0,1,1,0,0,0,0,1,0,0,1,0,1,0,0,0,1,0,0,0,0,0,1,0,0,0,0,0,0,0,1,0,0,0,0,0,1,0
0,121,100.4,0.87986544930322,0.929166666666667,0.921404682274248,2563,109,3.19,3.4,9.0,88.0,5500.0,25,31,12290,9.4,8.16129032258065,0,1,0.753286701172202,0,0,0,0,0,0,0,0,0,0,0,0,0,0,0,0,0,0,0,0,0,0,0,0,0,1,0,1,0,1,0,0,0,0,0,1,0,1,0,1,0,0,0,1,0,0,0,0,0,1,0,0,0,0,0,0,0,0,0,1,0,0,0,1,0
-2,103,104.3,0.907256126862086,0.933333333333333,0.939799331103679,2912,141,3.78,3.15,9.5,114.0,5400.0,23,28,12940,10.2173913043478,9.03571428571429,0,1,0.795796121087056,0,0,0,0,0,0,0,0,0,0,0,0,0,0,0,0,0,0,0,0,0,0,0,0,0,0,1,1,0,1,0,0,0,0,1,0,0,0,1,1,0,0,0,1,0,0,0,0,0,1,0,0,0,0,0,0,0,0,0,1,0,0,0,1,0
-1,74,104.3,0.907256126862086,0.933333333333333,0.961538461538462,3034,141,3.78,3.15,9.5,114.0,5400.0,23,28,13415,10.2173913043478,9.03571428571429,0,1,0.814204216414692,0,0,0,0,0,0,0,0,0,0,0,0,0,0,0,0,0,0,0,0,0,0,0,0,0,0,1,1,0,1,0,0,0,0,0,1,0,0,1,1,0,0,0,1,0,0,0,0,0,1,0,0,0,0,0,0,0,0,0,1,0,0,0,1,0
-2,103,104.3,0.907256126862086,0.933333333333333,0.939799331103679,2935,141,3.78,3.15,9.5,114.0,5400.0,24,28,15985,9.79166666666667,9.03571428571429,0,1,0.795796121087056,0,0,0,0,0,0,0,0,0,0,0,0,0,0,0,0,0,0,0,0,0,0,0,0,0,0,1,1,0,1,0,0,0,0,1,0,0,0,1,1,0,0,0,1,0,0,0,0,0,1,0,0,0,0,0,0,0,0,0,1,0,0,0,1,0
-1,74,104.3,0.907256126862086,0.933333333333333,0.961538461538462,3042,141,3.78,3.15,9.5,114.0,5400.0,24,28,16515,9.79166666666667,9.03571428571429,0,1,0.814204216414692,0,0,0,0,0,0,0,0,0,0,0,0,0,0,0,0,0,0,0,0,0,0,0,0,0,0,1,1,0,1,0,0,0,0,0,1,0,0,1,1,0,0,0,1,0,0,0,0,0,1,0,0,0,0,0,0,0,0,0,1,0,0,0,1,0
-2,103,104.3,0.907256126862086,0.933333333333333,0.939799331103679,3045,130,3.62,3.15,7.5,162.0,5100.0,17,22,18420,13.8235294117647,11.5,0,1,0.795796121087056,0,0,0,0,0,0,0,0,0,0,0,0,0,0,0,0,0,0,0,0,0,0,0,0,0,0,1,0,1,1,0,0,0,0,1,0,0,0,1,1,0,0,0,1,0,0,0,0,0,1,0,0,0,0,0,0,0,0,0,1,0,0,0,0,1
-1,74,104.3,0.907256126862086,0.933333333333333,0.961538461538462,3157,130,3.62,3.15,7.5,162.0,5100.0,17,22,18950,13.8235294117647,11.5,0,1,0.814204216414692,0,0,0,0,0,0,0,0,0,0,0,0,0,0,0,0,0,0,0,0,0,0,0,0,0,0,1,0,1,1,0,0,0,0,0,1,0,0,1,1,0,0,0,1,0,0,0,0,0,1,0,0,0,0,0,0,0,0,0,1,0,0,0,0,1
-1,95,109.1,0.907256126862086,0.956944444444444,0.92809364548495,2952,141,3.78,3.15,9.5,114.0,5400.0,23,28,16845,10.2173913043478,9.03571428571429,0,1,0.80576506556909,0,0,0,0,0,0,0,0,0,0,0,0,0,0,0,0,0,0,0,0,0,0,0,0,0,0,1,1,0,1,0,0,0,0,1,0,0,0,1,1,0,0,0,1,0,0,0,0,0,1,0,0,0,0,0,0,0,0,0,1,0,0,0,1,0
-1,95,109.1,0.907256126862086,0.955555555555555,0.92809364548495,3049,141,3.78,3.15,8.7,160.0,5300.0,19,25,19045,12.3684210526316,10.12,0,1,0.80459559522719,0,0,0,0,0,0,0,0,0,0,0,0,0,0,0,0,0,0,0,0,0,0,0,0,0,0,1,0,1,1,0,0,0,0,1,0,0,0,1,1,0,0,0,1,0,0,0,0,0,1,0,0,0,0,0,0,0,0,0,1,0,0,0,0,1
-1,95,109.1,0.907256126862086,0.956944444444444,0.92809364548495,3012,173,3.58,2.87,8.8,134.0,5500.0,18,23,21485,13.0555555555556,11.0,0,1,0.80576506556909,0,0,0,0,0,0,0,0,0,0,0,0,0,0,0,0,0,0,0,0,0,0,0,0,0,0,1,1,0,1,0,0,0,0,1,0,0,0,1,1,0,0,0,0,0,1,0,0,0,0,1,0,0,0,0,0,0,0,0,1,0,0,0,0,1
-1,95,109.1,0.907256126862086,0.956944444444444,0.92809364548495,3217,145,3.01,3.4,23.0,106.0,4800.0,26,27,22470,9.03846153846154,9.37037037037037,1,0,0.80576506556909,0,0,0,0,0,0,0,0,0,0,0,0,0,0,0,0,0,0,0,0,0,0,0,0,0,0,1,0,1,1,0,0,0,0,1,0,0,0,1,1,0,0,0,1,0,0,0,0,0,0,1,0,0,0,0,0,0,1,0,0,0,0,0,1,0
-1,95,109.1,0.907256126862086,0.956944444444444,0.92809364548495,3062,141,3.78,3.15,9.5,114.0,5400.0,19,25,22625,12.3684210526316,10.12,0,1,0.80576506556909,0,0,0,0,0,0,0,0,0,0,0,0,0,0,0,0,0,0,0,0,0,0,0,0,0,0,1,0,1,1,0,0,0,0,1,0,0,0,1,1,0,0,0,1,0,0,0,0,0,1,0,0,0,0,0,0,0,0,0,1,0,0,0,1,0
2,160,96.6,0.765497357039885,0.891666666666667,0.849498327759197,2800,130,3.52,2.64,9.0,90.0,5500.0,30,34,9250,7.83333333333333,7.44117647058824,0,1,0.579840779532608,0,0,0,1,0,0,0,0,0,0,0,0,0,0,0,0,0,0,0,0,0,0,0,0,0,0,0,1,0,0,1,1,0,0,0,0,0,0,1,1,0,1,0,0,0,0,0,0,0,1,0,0,0,0,0,0,0,0,0,1,0,0,0,1,0
1,104,105.8,0.90821720326766,0.929166666666667,0.921404682274248,2524,140,3.0,3.11,8.5,114.0,5400.0,23,28,10345,10.2173913043478,9.03571428571429,0,1,0.777559729773601,0,0,0,0,0,0,0,1,0,0,0,0,0,0,0,0,0,0,0,0,0,0,0,0,0,0,0,1,0,1,0,0,0,0,1,0,0,1,0,1,0,0,0,1,0,0,0,0,0,1,0,0,0,0,0,0,0,0,0,1,0,0,0,1,0
0,121,98.4,0.844305622296973,1.0,0.908026755852843,2155,140,3.0,3.11,8.5,114.0,5400.0,23,28,8238,10.2173913043478,9.03571428571429,0,1,0.766652095162636,0,0,0,0,0,0,0,1,0,0,0,0,0,0,0,0,0,0,0,0,0,0,0,0,0,0,0,1,0,0,1,0,0,1,0,0,0,1,0,1,0,0,0,1,0,0,0,0,0,1,0,0,0,0,0,0,0,0,0,1,0,0,0,1,0
1,104,98.4,0.844305622296973,1.0,0.908026755852843,2425,122,3.31,3.54,8.7,88.0,5000.0,25,30,8921,9.4,8.43333333333333,0,1,0.766652095162636,0,0,0,0,0,0,0,1,0,0,0,0,0,0,0,0,0,0,0,0,0,0,0,0,0,0,0,1,0,1,0,0,0,0,0,1,0,1,0,1,0,0,0,1,0,0,0,0,0,1,0,0,0,0,0,0,0,0,0,1,0,0,0,1,0
0,121,105.8,0.90821720326766,0.929166666666667,0.921404682274248,2524,140,3.0,3.11,8.5,114.0,5400.0,23,28,10345,10.2173913043478,9.03571428571429,0,1,0.777559729773601,0,0,0,0,0,1,0,0,0,0,0,0,0,0,0,0,0,0,0,0,0,0,0,0,0,0,0,1,0,1,0,0,0,0,1,0,0,1,0,1,0,0,0,1,0,0,0,0,0,1,0,0,0,0,0,0,0,0,0,1,0,0,0,1,0
-1,121,98.4,0.844305622296973,1.0,0.908026755852843,2155,140,3.0,3.11,8.5,114.0,5400.0,23,28,8238,10.2173913043478,9.03571428571429,0,1,0.766652095162636,0,0,0,0,0,1,0,0,0,0,0,0,0,0,0,0,0,0,0,0,0,0,0,0,0,0,0,1,0,0,1,0,0,1,0,0,0,1,0,1,0,0,0,1,0,0,0,0,0,1,0,0,0,0,0,0,0,0,0,1,0,0,0,1,0
1,104,98.4,0.844305622296973,1.0,0.908026755852843,2425,122,3.31,3.54,8.7,88.0,5000.0,25,30,8921,9.4,8.43333333333333,0,1,0.766652095162636,0,0,0,0,0,1,0,0,0,0,0,0,0,0,0,0,0,0,0,0,0,0,0,0,0,0,0,1,0,1,0,0,0,0,0,1,0,1,0,1,0,0,0,1,0,0,0,0,0,1,0,0,0,0,0,0,0,0,0,1,0,0,0,1,0
0,121,105.8,0.90821720326766,0.929166666666667,0.921404682274248,2524,140,3.0,3.11,8.5,114.0,5400.0,23,28,10345,10.2173913043478,9.03571428571429,0,1,0.777559729773601,0,0,0,0,0,0,0,0,1,0,0,0,0,0,0,0,0,0,0,0,0,0,0,0,0,0,0,1,0,1,0,0,0,0,1,0,0,1,0,1,0,0,0,1,0,0,0,0,0,1,0,0,0,0,0,0,0,0,0,1,0,0,0,1,0
-1,121,98.4,0.844305622296973,1.0,0.908026755852843,2155,140,3.0,3.11,8.5,114.0,5400.0,23,28,8238,10.2173913043478,9.03571428571429,0,1,0.766652095162636,0,0,0,0,0,0,0,0,1,0,0,0,0,0,0,0,0,0,0,0,0,0,0,0,0,0,0,1,0,0,1,0,0,1,0,0,0,1,0,1,0,0,0,1,0,0,0,0,0,1,0,0,0,0,0,0,0,0,0,1,0,0,0,1,0
0,121,100.4,0.865929841422393,0.929166666666667,0.921404682274248,2823,122,3.31,3.54,8.7,88.0,5000.0,25,31,7975,9.4,8.16129032258065,0,1,0.741355890503719,0,0,0,0,0,0,0,0,0,0,0,0,1,0,0,0,0,0,0,0,0,0,0,0,0,0,0,1,0,1,0,0,0,0,1,0,0,1,0,1,0,0,0,1,0,0,0,0,0,1,0,0,0,0,0,0,0,0,0,1,0,0,0,1,0
1,121,102.4,0.902450744834214,0.923611111111111,0.92809364548495,2935,122,3.31,3.54,9.0,88.0,5000.0,24,29,8189,9.79166666666667,8.72413793103448,0,1,0.773578615407116,0,0,0,0,0,0,0,0,0,0,0,0,1,0,0,0,0,0,0,0,0,0,0,0,0,0,0,1,0,1,0,0,0,0,0,1,0,1,0,1,0,0,0,1,0,0,0,0,0,1,0,0,0,0,0,0,0,0,0,1,0,0,0,1,0
2,102,95.3,0.812109562710235,0.9125,0.82943143812709,2380,122,3.31,3.54,9.0,88.0,5000.0,26,31,9295,9.03846153846154,8.16129032258065,0,1,0.614650147295406,0,0,0,0,0,0,0,0,0,0,0,0,1,0,0,0,0,0,0,0,0,0,0,0,0,0,0,1,0,0,1,0,0,1,0,0,0,0,1,1,0,0,0,1,0,0,0,0,0,1,0,0,0,0,0,0,0,0,0,1,0,0,0,1,0
2,160,96.6,0.765497357039885,0.891666666666667,0.849498327759197,2800,130,3.52,2.64,9.0,90.0,5500.0,30,34,9250,7.83333333333333,7.44117647058824,0,1,0.579840779532608,0,0,0,1,0,0,0,0,0,0,0,0,0,0,0,0,0,0,0,0,0,0,0,0,0,0,0,1,0,0,1,1,0,0,0,0,0,0,1,1,0,1,0,0,0,0,0,0,0,1,0,0,0,0,0,0,0,0,0,1,0,0,0,1,0
1,104,105.8,0.90821720326766,0.929166666666667,0.921404682274248,2524,140,3.0,3.11,8.5,114.0,5400.0,23,28,10345,10.2173913043478,9.03571428571429,0,1,0.777559729773601,0,0,0,0,0,0,0,1,0,0,0,0,0,0,0,0,0,0,0,0,0,0,0,0,0,0,0,1,0,1,0,0,0,0,1,0,0,1,0,1,0,0,0,1,0,0,0,0,0,1,0,0,0,0,0,0,0,0,0,1,0,0,0,1,0
0,121,98.4,0.844305622296973,1.0,0.908026755852843,2155,140,3.0,3.11,8.5,114.0,5400.0,23,28,8238,10.2173913043478,9.03571428571429,0,1,0.766652095162636,0,0,0,0,0,0,0,1,0,0,0,0,0,0,0,0,0,0,0,0,0,0,0,0,0,0,0,1,0,0,1,0,0,1,0,0,0,1,0,1,0,0,0,1,0,0,0,0,0,1,0,0,0,0,0,0,0,0,0,1,0,0,0,1,0
1,104,98.4,0.844305622296973,1.0,0.908026755852843,2425,122,3.31,3.54,8.7,88.0,5000.0,25,30,8921,9.4,8.43333333333333,0,1,0.766652095162636,0,0,0,0,0,0,0,1,0,0,0,0,0,0,0,0,0,0,0,0,0,0,0,0,0,0,0,1,0,1,0,0,0,0,0,1,0,1,0,1,0,0,0,1,0,0,0,0,0,1,0,0,0,0,0,0,0,0,0,1,0,0,0,1,0
0,121,105.8,0.90821720326766,0.929166666666667,0.921404682274248,2524,140,3.0,3.11,8.5,114.0,5400.0,23,28,10345,10.2173913043478,9.03571428571429,0,1,0.777559729773601,0,0,0,0,0,1,0,0,0,0,0,0,0,0,0,0,0,0,0,0,0,0,0,0,0,0,0,1,0,1,0,0,0,0,1,0,0,1,0,1,0,0,0,1,0,0,0,0,0,1,0,0,0,0,0,0,0,0,0,1,0,0,0,1,0
-1,121,98.4,0.844305622296973,1.0,0.908026755852843,2155,140,3.0,3.11,8.5,114.0,5400.0,23,28,8238,10.2173913043478,9.03571428571429,0,1,0.766652095162636,0,0,0,0,0,1,0,0,0,0,0,0,0,0,0,0,0,0,0,0,0,0,0,0,0,0,0,1,0,0,1,0,0,1,0,0,0,1,0,1,0,0,0,1,0,0,0,0,0,1,0,0,0,0,0,0,0,0,0,1,0,0,0,1,0
1,104,98.4,0.844305622296973,1.0,0.908026755852843,2425,122,3.31,3.54,8.7,88.0,5000.0,25,30,8921,9.4,8.43333333333333,0,1,0.766652095162636,0,0,0,0,0,1,0,0,0,0,0,0,0,0,0,0,0,0,0,0,0,0,0,0,0,0,0,1,0,1,0,0,0,0,0,1,0,1,0,1,0,0,0,1,0,0,0,0,0,1,0,0,0,0,0,0,0,0,0,1,0,0,0,1,0
0,121,105.8,0.90821720326766,0.929166666666667,0.921404682274248,2524,140,3.0,3.11,8.5,114.0,5400.0,23,28,10345,10.2173913043478,9.03571428571429,0,1,0.777559729773601,0,0,0,0,0,0,0,0,1,0,0,0,0,0,0,0,0,0,0,0,0,0,0,0,0,0,0,1,0,1,0,0,0,0,1,0,0,1,0,1,0,0,0,1,0,0,0,0,0,1,0,0,0,0,0,0,0,0,0,1,0,0,0,1,0
-1,121,98.4,0.844305622296973,1.0,0.908026755852843,2155,140,3.0,3.11,8.5,114.0,5400.0,23,28,8238,10.2173913043478,9.03571428571429,0,1,0.766652095162636,0,0,0,0,0,0,0,0,1,0,0,0,0,0,0,0,0,0,0,0,0,0,0,0,0,0,0,1,0,0,1,0,0,1,0,0,0,1,0,1,0,0,0,1,0,0,0,0,0,1,0,0,0,0,0,0,0,0,0,1,0,0,0,1,0
0,121,100.4,0.865929841422393,0.929166666666667,0.921404682274248,2823,122,3.31,3.54,8.7,88.0,5000.0,25,31,7975,9.4,8.16129032258065,0,1,0.741355890503719,0,0,0,0,0,0,0,0,0,0,0,0,1,0,0,0,0,0,0,0,0,0,0,0,0,0,0,1,0,1,0,0,0,0,1,0,0,1,0,1,0,0,0,1,0,0,0,0,0,1,0,0,0,0,0,0,0,0,0,1,0,0,0,1,0
1,121,102.4,0.902450744834214,0.923611111111111,0.92809364548495,2935,122,3.31,3.54,9.0,88.0,5000.0,24,29,8189,9.79166666666667,8.72413793103448,0,1,0.773578615407116,0,0,0,0,0,0,0,0,0,0,0,0,1,0,0,0,0,0,0,0,0,0,0,0,0,0,0,1,0,1,0,0,0,0,0,1,0,1,0,1,0,0,0,1,0,0,0,0,0,1,0,0,0,0,0,0,0,0,0,1,0,0,0,1,0
2,102,95.3,0.812109562710235,0.9125,0.82943143812709,2380,122,3.31,3.54,9.0,88.0,5000.0,26,31,9295,9.03846153846154,8.16129032258065,0,1,0.614650147295406,0,0,0,0,0,0,0,0,0,0,0,0,1,0,0,0,0,0,0,0,0,0,0,0,0,0,0,1,0,0,1,0,0,1,0,0,0,0,1,1,0,0,0,1,0,0,0,0,0,1,0,0,0,0,0,0,0,0,0,1,0,0,0,1,0
